account_slug,account_abbrev,account_name,treasury_accounts,cohort,month,percent_obligated,source_title,source_document
esf,ESF,Economic Support Fund,72-1037 + 19-72-1037 + 20-72-1037,2020/2021,1,0,"Declaration of Joseph Carlile, Appendix A",ECF 202-2
esf,ESF,Economic Support Fund,72-1037 + 19-72-1037 + 20-72-1037,2020/2021,2,0,"Declaration of Joseph Carlile, Appendix A",ECF 202-2
esf,ESF,Economic Support Fund,72-1037 + 19-72-1037 + 20-72-1037,2020/2021,3,0,"Declaration of Joseph Carlile, Appendix A",ECF 202-2
esf,ESF,Economic Support Fund,72-1037 + 19-72-1037 + 20-72-1037,2020/2021,4,0,"Declaration of Joseph Carlile, Appendix A",ECF 202-2
esf,ESF,Economic Support Fund,72-1037 + 19-72-1037 + 20-72-1037,2020/2021,5,0,"Declaration of Joseph Carlile, Appendix A",ECF 202-2
esf,ESF,Economic Support Fund,72-1037 + 19-72-1037 + 20-72-1037,2020/2021,6,0,"Declaration of Joseph Carlile, Appendix A",ECF 202-2
esf,ESF,Economic Support Fund,72-1037 + 19-72-1037 + 20-72-1037,2020/2021,7,0,"Declaration of Joseph Carlile, Appendix A",ECF 202-2
esf,ESF,Economic Support Fund,72-1037 + 19-72-1037 + 20-72-1037,2020/2021,8,0,"Declaration of Joseph Carlile, Appendix A",ECF 202-2
esf,ESF,Economic Support Fund,72-1037 + 19-72-1037 + 20-72-1037,2020/2021,9,0,"Declaration of Joseph Carlile, Appendix A",ECF 202-2
esf,ESF,Economic Support Fund,72-1037 + 19-72-1037 + 20-72-1037,2020/2021,10,23.67,"Declaration of Joseph Carlile, Appendix A",ECF 202-2
esf,ESF,Economic Support Fund,72-1037 + 19-72-1037 + 20-72-1037,2020/2021,11,23.67,"Declaration of Joseph Carlile, Appendix A",ECF 202-2
esf,ESF,Economic Support Fund,72-1037 + 19-72-1037 + 20-72-1037,2020/2021,12,23.68,"Declaration of Joseph Carlile, Appendix A",ECF 202-2
esf,ESF,Economic Support Fund,72-1037 + 19-72-1037 + 20-72-1037,2020/2021,13,23.68,"Declaration of Joseph Carlile, Appendix A",ECF 202-2
esf,ESF,Economic Support Fund,72-1037 + 19-72-1037 + 20-72-1037,2020/2021,14,24.34,"Declaration of Joseph Carlile, Appendix A",ECF 202-2
esf,ESF,Economic Support Fund,72-1037 + 19-72-1037 + 20-72-1037,2020/2021,15,27.75,"Declaration of Joseph Carlile, Appendix A",ECF 202-2
esf,ESF,Economic Support Fund,72-1037 + 19-72-1037 + 20-72-1037,2020/2021,16,28.92,"Declaration of Joseph Carlile, Appendix A",ECF 202-2
esf,ESF,Economic Support Fund,72-1037 + 19-72-1037 + 20-72-1037,2020/2021,17,30.13,"Declaration of Joseph Carlile, Appendix A",ECF 202-2
esf,ESF,Economic Support Fund,72-1037 + 19-72-1037 + 20-72-1037,2020/2021,18,32.18,"Declaration of Joseph Carlile, Appendix A",ECF 202-2
esf,ESF,Economic Support Fund,72-1037 + 19-72-1037 + 20-72-1037,2020/2021,19,49.22,"Declaration of Joseph Carlile, Appendix A",ECF 202-2
esf,ESF,Economic Support Fund,72-1037 + 19-72-1037 + 20-72-1037,2020/2021,20,57.01,"Declaration of Joseph Carlile, Appendix A",ECF 202-2
esf,ESF,Economic Support Fund,72-1037 + 19-72-1037 + 20-72-1037,2020/2021,21,59.75,"Declaration of Joseph Carlile, Appendix A",ECF 202-2
esf,ESF,Economic Support Fund,72-1037 + 19-72-1037 + 20-72-1037,2020/2021,22,62.31,"Declaration of Joseph Carlile, Appendix A",ECF 202-2
esf,ESF,Economic Support Fund,72-1037 + 19-72-1037 + 20-72-1037,2020/2021,23,67.39,"Declaration of Joseph Carlile, Appendix A",ECF 202-2
esf,ESF,Economic Support Fund,72-1037 + 19-72-1037 + 20-72-1037,2020/2021,24,94.33,"Declaration of Joseph Carlile, Appendix A",ECF 202-2
esf,ESF,Economic Support Fund,72-1037 + 19-72-1037 + 20-72-1037,2021/2022,1,0,"Declaration of Joseph Carlile, Appendix A",ECF 202-2
esf,ESF,Economic Support Fund,72-1037 + 19-72-1037 + 20-72-1037,2021/2022,2,0,"Declaration of Joseph Carlile, Appendix A",ECF 202-2
esf,ESF,Economic Support Fund,72-1037 + 19-72-1037 + 20-72-1037,2021/2022,3,0,"Declaration of Joseph Carlile, Appendix A",ECF 202-2
esf,ESF,Economic Support Fund,72-1037 + 19-72-1037 + 20-72-1037,2021/2022,4,0,"Declaration of Joseph Carlile, Appendix A",ECF 202-2
esf,ESF,Economic Support Fund,72-1037 + 19-72-1037 + 20-72-1037,2021/2022,5,0,"Declaration of Joseph Carlile, Appendix A",ECF 202-2
esf,ESF,Economic Support Fund,72-1037 + 19-72-1037 + 20-72-1037,2021/2022,6,0,"Declaration of Joseph Carlile, Appendix A",ECF 202-2
esf,ESF,Economic Support Fund,72-1037 + 19-72-1037 + 20-72-1037,2021/2022,7,0.3,"Declaration of Joseph Carlile, Appendix A",ECF 202-2
esf,ESF,Economic Support Fund,72-1037 + 19-72-1037 + 20-72-1037,2021/2022,8,1.18,"Declaration of Joseph Carlile, Appendix A",ECF 202-2
esf,ESF,Economic Support Fund,72-1037 + 19-72-1037 + 20-72-1037,2021/2022,9,7.48,"Declaration of Joseph Carlile, Appendix A",ECF 202-2
esf,ESF,Economic Support Fund,72-1037 + 19-72-1037 + 20-72-1037,2021/2022,10,21.93,"Declaration of Joseph Carlile, Appendix A",ECF 202-2
esf,ESF,Economic Support Fund,72-1037 + 19-72-1037 + 20-72-1037,2021/2022,11,27.72,"Declaration of Joseph Carlile, Appendix A",ECF 202-2
esf,ESF,Economic Support Fund,72-1037 + 19-72-1037 + 20-72-1037,2021/2022,12,45.5,"Declaration of Joseph Carlile, Appendix A",ECF 202-2
esf,ESF,Economic Support Fund,72-1037 + 19-72-1037 + 20-72-1037,2021/2022,13,45.5,"Declaration of Joseph Carlile, Appendix A",ECF 202-2
esf,ESF,Economic Support Fund,72-1037 + 19-72-1037 + 20-72-1037,2021/2022,14,46.05,"Declaration of Joseph Carlile, Appendix A",ECF 202-2
esf,ESF,Economic Support Fund,72-1037 + 19-72-1037 + 20-72-1037,2021/2022,15,51.47,"Declaration of Joseph Carlile, Appendix A",ECF 202-2
esf,ESF,Economic Support Fund,72-1037 + 19-72-1037 + 20-72-1037,2021/2022,16,52.21,"Declaration of Joseph Carlile, Appendix A",ECF 202-2
esf,ESF,Economic Support Fund,72-1037 + 19-72-1037 + 20-72-1037,2021/2022,17,53.24,"Declaration of Joseph Carlile, Appendix A",ECF 202-2
esf,ESF,Economic Support Fund,72-1037 + 19-72-1037 + 20-72-1037,2021/2022,18,54.28,"Declaration of Joseph Carlile, Appendix A",ECF 202-2
esf,ESF,Economic Support Fund,72-1037 + 19-72-1037 + 20-72-1037,2021/2022,19,55.44,"Declaration of Joseph Carlile, Appendix A",ECF 202-2
esf,ESF,Economic Support Fund,72-1037 + 19-72-1037 + 20-72-1037,2021/2022,20,67.14,"Declaration of Joseph Carlile, Appendix A",ECF 202-2
esf,ESF,Economic Support Fund,72-1037 + 19-72-1037 + 20-72-1037,2021/2022,21,70.38,"Declaration of Joseph Carlile, Appendix A",ECF 202-2
esf,ESF,Economic Support Fund,72-1037 + 19-72-1037 + 20-72-1037,2021/2022,22,72.01,"Declaration of Joseph Carlile, Appendix A",ECF 202-2
esf,ESF,Economic Support Fund,72-1037 + 19-72-1037 + 20-72-1037,2021/2022,23,74.57,"Declaration of Joseph Carlile, Appendix A",ECF 202-2
esf,ESF,Economic Support Fund,72-1037 + 19-72-1037 + 20-72-1037,2021/2022,24,96.28,"Declaration of Joseph Carlile, Appendix A",ECF 202-2
esf,ESF,Economic Support Fund,72-1037 + 19-72-1037 + 20-72-1037,2022/2023,1,0,"Declaration of Joseph Carlile, Appendix A",ECF 202-2
esf,ESF,Economic Support Fund,72-1037 + 19-72-1037 + 20-72-1037,2022/2023,2,0,"Declaration of Joseph Carlile, Appendix A",ECF 202-2
esf,ESF,Economic Support Fund,72-1037 + 19-72-1037 + 20-72-1037,2022/2023,3,0,"Declaration of Joseph Carlile, Appendix A",ECF 202-2
esf,ESF,Economic Support Fund,72-1037 + 19-72-1037 + 20-72-1037,2022/2023,4,0,"Declaration of Joseph Carlile, Appendix A",ECF 202-2
esf,ESF,Economic Support Fund,72-1037 + 19-72-1037 + 20-72-1037,2022/2023,5,0,"Declaration of Joseph Carlile, Appendix A",ECF 202-2
esf,ESF,Economic Support Fund,72-1037 + 19-72-1037 + 20-72-1037,2022/2023,6,0,"Declaration of Joseph Carlile, Appendix A",ECF 202-2
esf,ESF,Economic Support Fund,72-1037 + 19-72-1037 + 20-72-1037,2022/2023,7,0,"Declaration of Joseph Carlile, Appendix A",ECF 202-2
esf,ESF,Economic Support Fund,72-1037 + 19-72-1037 + 20-72-1037,2022/2023,8,0,"Declaration of Joseph Carlile, Appendix A",ECF 202-2
esf,ESF,Economic Support Fund,72-1037 + 19-72-1037 + 20-72-1037,2022/2023,9,0.06,"Declaration of Joseph Carlile, Appendix A",ECF 202-2
esf,ESF,Economic Support Fund,72-1037 + 19-72-1037 + 20-72-1037,2022/2023,10,0.06,"Declaration of Joseph Carlile, Appendix A",ECF 202-2
esf,ESF,Economic Support Fund,72-1037 + 19-72-1037 + 20-72-1037,2022/2023,11,0.06,"Declaration of Joseph Carlile, Appendix A",ECF 202-2
esf,ESF,Economic Support Fund,72-1037 + 19-72-1037 + 20-72-1037,2022/2023,12,0.74,"Declaration of Joseph Carlile, Appendix A",ECF 202-2
esf,ESF,Economic Support Fund,72-1037 + 19-72-1037 + 20-72-1037,2022/2023,13,0.74,"Declaration of Joseph Carlile, Appendix A",ECF 202-2
esf,ESF,Economic Support Fund,72-1037 + 19-72-1037 + 20-72-1037,2022/2023,14,21.37,"Declaration of Joseph Carlile, Appendix A",ECF 202-2
esf,ESF,Economic Support Fund,72-1037 + 19-72-1037 + 20-72-1037,2022/2023,15,21.87,"Declaration of Joseph Carlile, Appendix A",ECF 202-2
esf,ESF,Economic Support Fund,72-1037 + 19-72-1037 + 20-72-1037,2022/2023,16,22.2,"Declaration of Joseph Carlile, Appendix A",ECF 202-2
esf,ESF,Economic Support Fund,72-1037 + 19-72-1037 + 20-72-1037,2022/2023,17,22.72,"Declaration of Joseph Carlile, Appendix A",ECF 202-2
esf,ESF,Economic Support Fund,72-1037 + 19-72-1037 + 20-72-1037,2022/2023,18,23.2,"Declaration of Joseph Carlile, Appendix A",ECF 202-2
esf,ESF,Economic Support Fund,72-1037 + 19-72-1037 + 20-72-1037,2022/2023,19,36.44,"Declaration of Joseph Carlile, Appendix A",ECF 202-2
esf,ESF,Economic Support Fund,72-1037 + 19-72-1037 + 20-72-1037,2022/2023,20,38.8,"Declaration of Joseph Carlile, Appendix A",ECF 202-2
esf,ESF,Economic Support Fund,72-1037 + 19-72-1037 + 20-72-1037,2022/2023,21,41.01,"Declaration of Joseph Carlile, Appendix A",ECF 202-2
esf,ESF,Economic Support Fund,72-1037 + 19-72-1037 + 20-72-1037,2022/2023,22,51.45,"Declaration of Joseph Carlile, Appendix A",ECF 202-2
esf,ESF,Economic Support Fund,72-1037 + 19-72-1037 + 20-72-1037,2022/2023,23,55.85,"Declaration of Joseph Carlile, Appendix A",ECF 202-2
esf,ESF,Economic Support Fund,72-1037 + 19-72-1037 + 20-72-1037,2022/2023,24,100.2,"Declaration of Joseph Carlile, Appendix A",ECF 202-2
esf,ESF,Economic Support Fund,72-1037 + 19-72-1037 + 20-72-1037,2023/2024,1,0,"Declaration of Joseph Carlile, Appendix A",ECF 202-2
esf,ESF,Economic Support Fund,72-1037 + 19-72-1037 + 20-72-1037,2023/2024,2,20.67,"Declaration of Joseph Carlile, Appendix A",ECF 202-2
esf,ESF,Economic Support Fund,72-1037 + 19-72-1037 + 20-72-1037,2023/2024,3,20.67,"Declaration of Joseph Carlile, Appendix A",ECF 202-2
esf,ESF,Economic Support Fund,72-1037 + 19-72-1037 + 20-72-1037,2023/2024,4,20.67,"Declaration of Joseph Carlile, Appendix A",ECF 202-2
esf,ESF,Economic Support Fund,72-1037 + 19-72-1037 + 20-72-1037,2023/2024,5,32.73,"Declaration of Joseph Carlile, Appendix A",ECF 202-2
esf,ESF,Economic Support Fund,72-1037 + 19-72-1037 + 20-72-1037,2023/2024,6,44.24,"Declaration of Joseph Carlile, Appendix A",ECF 202-2
esf,ESF,Economic Support Fund,72-1037 + 19-72-1037 + 20-72-1037,2023/2024,7,46.53,"Declaration of Joseph Carlile, Appendix A",ECF 202-2
esf,ESF,Economic Support Fund,72-1037 + 19-72-1037 + 20-72-1037,2023/2024,8,52.28,"Declaration of Joseph Carlile, Appendix A",ECF 202-2
esf,ESF,Economic Support Fund,72-1037 + 19-72-1037 + 20-72-1037,2023/2024,9,58.02,"Declaration of Joseph Carlile, Appendix A",ECF 202-2
esf,ESF,Economic Support Fund,72-1037 + 19-72-1037 + 20-72-1037,2023/2024,10,61.22,"Declaration of Joseph Carlile, Appendix A",ECF 202-2
esf,ESF,Economic Support Fund,72-1037 + 19-72-1037 + 20-72-1037,2023/2024,11,68.98,"Declaration of Joseph Carlile, Appendix A",ECF 202-2
esf,ESF,Economic Support Fund,72-1037 + 19-72-1037 + 20-72-1037,2023/2024,12,79.71,"Declaration of Joseph Carlile, Appendix A",ECF 202-2
esf,ESF,Economic Support Fund,72-1037 + 19-72-1037 + 20-72-1037,2023/2024,13,79.71,"Declaration of Joseph Carlile, Appendix A",ECF 202-2
esf,ESF,Economic Support Fund,72-1037 + 19-72-1037 + 20-72-1037,2023/2024,14,79.9,"Declaration of Joseph Carlile, Appendix A",ECF 202-2
esf,ESF,Economic Support Fund,72-1037 + 19-72-1037 + 20-72-1037,2023/2024,15,84.11,"Declaration of Joseph Carlile, Appendix A",ECF 202-2
esf,ESF,Economic Support Fund,72-1037 + 19-72-1037 + 20-72-1037,2023/2024,16,84.16,"Declaration of Joseph Carlile, Appendix A",ECF 202-2
esf,ESF,Economic Support Fund,72-1037 + 19-72-1037 + 20-72-1037,2023/2024,17,84.24,"Declaration of Joseph Carlile, Appendix A",ECF 202-2
esf,ESF,Economic Support Fund,72-1037 + 19-72-1037 + 20-72-1037,2023/2024,18,84.68,"Declaration of Joseph Carlile, Appendix A",ECF 202-2
esf,ESF,Economic Support Fund,72-1037 + 19-72-1037 + 20-72-1037,2023/2024,19,85.95,"Declaration of Joseph Carlile, Appendix A",ECF 202-2
esf,ESF,Economic Support Fund,72-1037 + 19-72-1037 + 20-72-1037,2023/2024,20,86.28,"Declaration of Joseph Carlile, Appendix A",ECF 202-2
esf,ESF,Economic Support Fund,72-1037 + 19-72-1037 + 20-72-1037,2023/2024,21,86.47,"Declaration of Joseph Carlile, Appendix A",ECF 202-2
esf,ESF,Economic Support Fund,72-1037 + 19-72-1037 + 20-72-1037,2023/2024,22,89.58,"Declaration of Joseph Carlile, Appendix A",ECF 202-2
esf,ESF,Economic Support Fund,72-1037 + 19-72-1037 + 20-72-1037,2023/2024,23,90.64,"Declaration of Joseph Carlile, Appendix A",ECF 202-2
esf,ESF,Economic Support Fund,72-1037 + 19-72-1037 + 20-72-1037,2023/2024,24,99.22,"Declaration of Joseph Carlile, Appendix A",ECF 202-2
esf,ESF,Economic Support Fund,72-1037 + 19-72-1037 + 20-72-1037,2024/2025,1,0,"Declaration of Joseph Carlile, Appendix A",ECF 202-2
esf,ESF,Economic Support Fund,72-1037 + 19-72-1037 + 20-72-1037,2024/2025,2,0,"Declaration of Joseph Carlile, Appendix A",ECF 202-2
esf,ESF,Economic Support Fund,72-1037 + 19-72-1037 + 20-72-1037,2024/2025,3,0,"Declaration of Joseph Carlile, Appendix A",ECF 202-2
esf,ESF,Economic Support Fund,72-1037 + 19-72-1037 + 20-72-1037,2024/2025,4,0,"Declaration of Joseph Carlile, Appendix A",ECF 202-2
esf,ESF,Economic Support Fund,72-1037 + 19-72-1037 + 20-72-1037,2024/2025,5,0,"Declaration of Joseph Carlile, Appendix A",ECF 202-2
esf,ESF,Economic Support Fund,72-1037 + 19-72-1037 + 20-72-1037,2024/2025,6,0,"Declaration of Joseph Carlile, Appendix A",ECF 202-2
esf,ESF,Economic Support Fund,72-1037 + 19-72-1037 + 20-72-1037,2024/2025,7,0,"Declaration of Joseph Carlile, Appendix A",ECF 202-2
esf,ESF,Economic Support Fund,72-1037 + 19-72-1037 + 20-72-1037,2024/2025,8,0,"Declaration of Joseph Carlile, Appendix A",ECF 202-2
esf,ESF,Economic Support Fund,72-1037 + 19-72-1037 + 20-72-1037,2024/2025,9,0,"Declaration of Joseph Carlile, Appendix A",ECF 202-2
esf,ESF,Economic Support Fund,72-1037 + 19-72-1037 + 20-72-1037,2024/2025,10,33.07,"Declaration of Joseph Carlile, Appendix A",ECF 202-2
esf,ESF,Economic Support Fund,72-1037 + 19-72-1037 + 20-72-1037,2024/2025,11,33.07,"Declaration of Joseph Carlile, Appendix A",ECF 202-2
esf,ESF,Economic Support Fund,72-1037 + 19-72-1037 + 20-72-1037,2024/2025,12,33.07,"Declaration of Joseph Carlile, Appendix A",ECF 202-2
esf,ESF,Economic Support Fund,72-1037 + 19-72-1037 + 20-72-1037,2024/2025,13,33.07,"Declaration of Joseph Carlile, Appendix A",ECF 202-2
esf,ESF,Economic Support Fund,72-1037 + 19-72-1037 + 20-72-1037,2024/2025,14,58.26,"Declaration of Joseph Carlile, Appendix A",ECF 202-2
esf,ESF,Economic Support Fund,72-1037 + 19-72-1037 + 20-72-1037,2024/2025,15,69.59,"Declaration of Joseph Carlile, Appendix A",ECF 202-2
esf,ESF,Economic Support Fund,72-1037 + 19-72-1037 + 20-72-1037,2024/2025,16,75.29,"Declaration of Joseph Carlile, Appendix A",ECF 202-2
esf,ESF,Economic Support Fund,72-1037 + 19-72-1037 + 20-72-1037,2024/2025,17,75.29,"Declaration of Joseph Carlile, Appendix A",ECF 202-2
esf,ESF,Economic Support Fund,72-1037 + 19-72-1037 + 20-72-1037,2024/2025,18,75.3,"Declaration of Joseph Carlile, Appendix A",ECF 202-2
esf,ESF,Economic Support Fund,72-1037 + 19-72-1037 + 20-72-1037,2024/2025,19,75.3,"Declaration of Joseph Carlile, Appendix A",ECF 202-2
esf,ESF,Economic Support Fund,72-1037 + 19-72-1037 + 20-72-1037,2024/2025,20,74.93,"Declaration of Joseph Carlile, Appendix A",ECF 202-2
esf,ESF,Economic Support Fund,72-1037 + 19-72-1037 + 20-72-1037,2024/2025,21,75,"Declaration of Joseph Carlile, Appendix A",ECF 202-2
esf,ESF,Economic Support Fund,72-1037 + 19-72-1037 + 20-72-1037,2024/2025,22,75.09,"Declaration of Joseph Carlile, Appendix A",ECF 202-2
esf,ESF,Economic Support Fund,72-1037 + 19-72-1037 + 20-72-1037,2024/2025,23,75.77,"Declaration of Joseph Carlile, Appendix A",ECF 202-2
esf,ESF,Economic Support Fund,72-1037 + 19-72-1037 + 20-72-1037,2024/2025,24,94.21,"Declaration of Joseph Carlile, Appendix A",ECF 202-2
esf,ESF,Economic Support Fund,72-1037 + 19-72-1037 + 20-72-1037,2025/2026,1,0,"Declaration of Joseph Carlile, Appendix A",ECF 202-2
esf,ESF,Economic Support Fund,72-1037 + 19-72-1037 + 20-72-1037,2025/2026,2,0,"Declaration of Joseph Carlile, Appendix A",ECF 202-2
esf,ESF,Economic Support Fund,72-1037 + 19-72-1037 + 20-72-1037,2025/2026,3,0,"Declaration of Joseph Carlile, Appendix A",ECF 202-2
esf,ESF,Economic Support Fund,72-1037 + 19-72-1037 + 20-72-1037,2025/2026,4,0,"Declaration of Joseph Carlile, Appendix A",ECF 202-2
esf,ESF,Economic Support Fund,72-1037 + 19-72-1037 + 20-72-1037,2025/2026,5,0,"Declaration of Joseph Carlile, Appendix A",ECF 202-2
esf,ESF,Economic Support Fund,72-1037 + 19-72-1037 + 20-72-1037,2025/2026,6,0,"Declaration of Joseph Carlile, Appendix A",ECF 202-2
esf,ESF,Economic Support Fund,72-1037 + 19-72-1037 + 20-72-1037,2025/2026,7,0,"Declaration of Joseph Carlile, Appendix A",ECF 202-2
esf,ESF,Economic Support Fund,72-1037 + 19-72-1037 + 20-72-1037,2025/2026,8,0,"Declaration of Joseph Carlile, Appendix A",ECF 202-2
esf,ESF,Economic Support Fund,72-1037 + 19-72-1037 + 20-72-1037,2025/2026,9,0,"Declaration of Joseph Carlile, Appendix A",ECF 202-2
esf,ESF,Economic Support Fund,72-1037 + 19-72-1037 + 20-72-1037,2025/2026,10,0,"Declaration of Joseph Carlile, Appendix A",ECF 202-2
esf,ESF,Economic Support Fund,72-1037 + 19-72-1037 + 20-72-1037,2025/2026,11,0,"Declaration of Joseph Carlile, Appendix A",ECF 202-2
esf,ESF,Economic Support Fund,72-1037 + 19-72-1037 + 20-72-1037,2025/2026,12,0,"Declaration of Joseph Carlile, Appendix A",ECF 202-2
esf,ESF,Economic Support Fund,72-1037 + 19-72-1037 + 20-72-1037,2025/2026,13,0,"Declaration of Joseph Carlile, Appendix A",ECF 202-2
esf,ESF,Economic Support Fund,72-1037 + 19-72-1037 + 20-72-1037,2025/2026,14,3.09,"Declaration of Joseph Carlile, Appendix A",ECF 202-2
esf,ESF,Economic Support Fund,72-1037 + 19-72-1037 + 20-72-1037,2025/2026,15,46.65,"Declaration of Joseph Carlile, Appendix A",ECF 202-2
esf,ESF,Economic Support Fund,72-1037 + 19-72-1037 + 20-72-1037,2025/2026,16,49.89,"Declaration of Joseph Carlile, Appendix A",ECF 202-2
esf,ESF,Economic Support Fund,72-1037 + 19-72-1037 + 20-72-1037,2025/2026,17,49.89,"Declaration of Joseph Carlile, Appendix A",ECF 202-2
esf,ESF,Economic Support Fund,72-1037 + 19-72-1037 + 20-72-1037,2025/2026,18,50.22,"Declaration of Joseph Carlile, Appendix A",ECF 202-2
esf,ESF,Economic Support Fund,72-1037 + 19-72-1037 + 20-72-1037,2025/2026,19,50.35,"Declaration of Joseph Carlile, Appendix A",ECF 202-2
esf,ESF,Economic Support Fund,72-1037 + 19-72-1037 + 20-72-1037,2025/2026,20,50.35,"Declaration of Joseph Carlile, Appendix A",ECF 202-2
esf,ESF,Economic Support Fund,72-1037 + 19-72-1037 + 20-72-1037,2025/2026,21,50.51,"Declaration of Joseph Carlile, Appendix A",ECF 202-2
da,DA,Development Assistance,72-1021 + 19-72-1021,2020/2021,1,0,"Declaration of Joseph Carlile, Appendix A",ECF 202-2
da,DA,Development Assistance,72-1021 + 19-72-1021,2020/2021,2,0,"Declaration of Joseph Carlile, Appendix A",ECF 202-2
da,DA,Development Assistance,72-1021 + 19-72-1021,2020/2021,3,0,"Declaration of Joseph Carlile, Appendix A",ECF 202-2
da,DA,Development Assistance,72-1021 + 19-72-1021,2020/2021,4,0,"Declaration of Joseph Carlile, Appendix A",ECF 202-2
da,DA,Development Assistance,72-1021 + 19-72-1021,2020/2021,5,0,"Declaration of Joseph Carlile, Appendix A",ECF 202-2
da,DA,Development Assistance,72-1021 + 19-72-1021,2020/2021,6,0,"Declaration of Joseph Carlile, Appendix A",ECF 202-2
da,DA,Development Assistance,72-1021 + 19-72-1021,2020/2021,7,0,"Declaration of Joseph Carlile, Appendix A",ECF 202-2
da,DA,Development Assistance,72-1021 + 19-72-1021,2020/2021,8,0,"Declaration of Joseph Carlile, Appendix A",ECF 202-2
da,DA,Development Assistance,72-1021 + 19-72-1021,2020/2021,9,0,"Declaration of Joseph Carlile, Appendix A",ECF 202-2
da,DA,Development Assistance,72-1021 + 19-72-1021,2020/2021,10,0,"Declaration of Joseph Carlile, Appendix A",ECF 202-2
da,DA,Development Assistance,72-1021 + 19-72-1021,2020/2021,11,0,"Declaration of Joseph Carlile, Appendix A",ECF 202-2
da,DA,Development Assistance,72-1021 + 19-72-1021,2020/2021,12,0,"Declaration of Joseph Carlile, Appendix A",ECF 202-2
da,DA,Development Assistance,72-1021 + 19-72-1021,2020/2021,13,0,"Declaration of Joseph Carlile, Appendix A",ECF 202-2
da,DA,Development Assistance,72-1021 + 19-72-1021,2020/2021,14,1.14,"Declaration of Joseph Carlile, Appendix A",ECF 202-2
da,DA,Development Assistance,72-1021 + 19-72-1021,2020/2021,15,6.73,"Declaration of Joseph Carlile, Appendix A",ECF 202-2
da,DA,Development Assistance,72-1021 + 19-72-1021,2020/2021,16,15.92,"Declaration of Joseph Carlile, Appendix A",ECF 202-2
da,DA,Development Assistance,72-1021 + 19-72-1021,2020/2021,17,23.84,"Declaration of Joseph Carlile, Appendix A",ECF 202-2
da,DA,Development Assistance,72-1021 + 19-72-1021,2020/2021,18,33.36,"Declaration of Joseph Carlile, Appendix A",ECF 202-2
da,DA,Development Assistance,72-1021 + 19-72-1021,2020/2021,19,42.22,"Declaration of Joseph Carlile, Appendix A",ECF 202-2
da,DA,Development Assistance,72-1021 + 19-72-1021,2020/2021,20,53.44,"Declaration of Joseph Carlile, Appendix A",ECF 202-2
da,DA,Development Assistance,72-1021 + 19-72-1021,2020/2021,21,60.3,"Declaration of Joseph Carlile, Appendix A",ECF 202-2
da,DA,Development Assistance,72-1021 + 19-72-1021,2020/2021,22,67.69,"Declaration of Joseph Carlile, Appendix A",ECF 202-2
da,DA,Development Assistance,72-1021 + 19-72-1021,2020/2021,23,79.73,"Declaration of Joseph Carlile, Appendix A",ECF 202-2
da,DA,Development Assistance,72-1021 + 19-72-1021,2020/2021,24,98.44,"Declaration of Joseph Carlile, Appendix A",ECF 202-2
da,DA,Development Assistance,72-1021 + 19-72-1021,2021/2022,1,0,"Declaration of Joseph Carlile, Appendix A",ECF 202-2
da,DA,Development Assistance,72-1021 + 19-72-1021,2021/2022,2,0,"Declaration of Joseph Carlile, Appendix A",ECF 202-2
da,DA,Development Assistance,72-1021 + 19-72-1021,2021/2022,3,0,"Declaration of Joseph Carlile, Appendix A",ECF 202-2
da,DA,Development Assistance,72-1021 + 19-72-1021,2021/2022,4,0,"Declaration of Joseph Carlile, Appendix A",ECF 202-2
da,DA,Development Assistance,72-1021 + 19-72-1021,2021/2022,5,0,"Declaration of Joseph Carlile, Appendix A",ECF 202-2
da,DA,Development Assistance,72-1021 + 19-72-1021,2021/2022,6,0,"Declaration of Joseph Carlile, Appendix A",ECF 202-2
da,DA,Development Assistance,72-1021 + 19-72-1021,2021/2022,7,0,"Declaration of Joseph Carlile, Appendix A",ECF 202-2
da,DA,Development Assistance,72-1021 + 19-72-1021,2021/2022,8,0,"Declaration of Joseph Carlile, Appendix A",ECF 202-2
da,DA,Development Assistance,72-1021 + 19-72-1021,2021/2022,9,0,"Declaration of Joseph Carlile, Appendix A",ECF 202-2
da,DA,Development Assistance,72-1021 + 19-72-1021,2021/2022,10,0,"Declaration of Joseph Carlile, Appendix A",ECF 202-2
da,DA,Development Assistance,72-1021 + 19-72-1021,2021/2022,11,0,"Declaration of Joseph Carlile, Appendix A",ECF 202-2
da,DA,Development Assistance,72-1021 + 19-72-1021,2021/2022,12,0,"Declaration of Joseph Carlile, Appendix A",ECF 202-2
da,DA,Development Assistance,72-1021 + 19-72-1021,2021/2022,13,0,"Declaration of Joseph Carlile, Appendix A",ECF 202-2
da,DA,Development Assistance,72-1021 + 19-72-1021,2021/2022,14,0,"Declaration of Joseph Carlile, Appendix A",ECF 202-2
da,DA,Development Assistance,72-1021 + 19-72-1021,2021/2022,15,2.72,"Declaration of Joseph Carlile, Appendix A",ECF 202-2
da,DA,Development Assistance,72-1021 + 19-72-1021,2021/2022,16,4.67,"Declaration of Joseph Carlile, Appendix A",ECF 202-2
da,DA,Development Assistance,72-1021 + 19-72-1021,2021/2022,17,6.86,"Declaration of Joseph Carlile, Appendix A",ECF 202-2
da,DA,Development Assistance,72-1021 + 19-72-1021,2021/2022,18,13.16,"Declaration of Joseph Carlile, Appendix A",ECF 202-2
da,DA,Development Assistance,72-1021 + 19-72-1021,2021/2022,19,24.64,"Declaration of Joseph Carlile, Appendix A",ECF 202-2
da,DA,Development Assistance,72-1021 + 19-72-1021,2021/2022,20,39.28,"Declaration of Joseph Carlile, Appendix A",ECF 202-2
da,DA,Development Assistance,72-1021 + 19-72-1021,2021/2022,21,50.51,"Declaration of Joseph Carlile, Appendix A",ECF 202-2
da,DA,Development Assistance,72-1021 + 19-72-1021,2021/2022,22,63.22,"Declaration of Joseph Carlile, Appendix A",ECF 202-2
da,DA,Development Assistance,72-1021 + 19-72-1021,2021/2022,23,75.09,"Declaration of Joseph Carlile, Appendix A",ECF 202-2
da,DA,Development Assistance,72-1021 + 19-72-1021,2021/2022,24,98.64,"Declaration of Joseph Carlile, Appendix A",ECF 202-2
da,DA,Development Assistance,72-1021 + 19-72-1021,2022/2023,1,0,"Declaration of Joseph Carlile, Appendix A",ECF 202-2
da,DA,Development Assistance,72-1021 + 19-72-1021,2022/2023,2,0,"Declaration of Joseph Carlile, Appendix A",ECF 202-2
da,DA,Development Assistance,72-1021 + 19-72-1021,2022/2023,3,0,"Declaration of Joseph Carlile, Appendix A",ECF 202-2
da,DA,Development Assistance,72-1021 + 19-72-1021,2022/2023,4,0,"Declaration of Joseph Carlile, Appendix A",ECF 202-2
da,DA,Development Assistance,72-1021 + 19-72-1021,2022/2023,5,0,"Declaration of Joseph Carlile, Appendix A",ECF 202-2
da,DA,Development Assistance,72-1021 + 19-72-1021,2022/2023,6,0,"Declaration of Joseph Carlile, Appendix A",ECF 202-2
da,DA,Development Assistance,72-1021 + 19-72-1021,2022/2023,7,0,"Declaration of Joseph Carlile, Appendix A",ECF 202-2
da,DA,Development Assistance,72-1021 + 19-72-1021,2022/2023,8,0,"Declaration of Joseph Carlile, Appendix A",ECF 202-2
da,DA,Development Assistance,72-1021 + 19-72-1021,2022/2023,9,0,"Declaration of Joseph Carlile, Appendix A",ECF 202-2
da,DA,Development Assistance,72-1021 + 19-72-1021,2022/2023,10,0,"Declaration of Joseph Carlile, Appendix A",ECF 202-2
da,DA,Development Assistance,72-1021 + 19-72-1021,2022/2023,11,0,"Declaration of Joseph Carlile, Appendix A",ECF 202-2
da,DA,Development Assistance,72-1021 + 19-72-1021,2022/2023,12,0,"Declaration of Joseph Carlile, Appendix A",ECF 202-2
da,DA,Development Assistance,72-1021 + 19-72-1021,2022/2023,13,0,"Declaration of Joseph Carlile, Appendix A",ECF 202-2
da,DA,Development Assistance,72-1021 + 19-72-1021,2022/2023,14,0.07,"Declaration of Joseph Carlile, Appendix A",ECF 202-2
da,DA,Development Assistance,72-1021 + 19-72-1021,2022/2023,15,0.07,"Declaration of Joseph Carlile, Appendix A",ECF 202-2
da,DA,Development Assistance,72-1021 + 19-72-1021,2022/2023,16,0.07,"Declaration of Joseph Carlile, Appendix A",ECF 202-2
da,DA,Development Assistance,72-1021 + 19-72-1021,2022/2023,17,1.6,"Declaration of Joseph Carlile, Appendix A",ECF 202-2
da,DA,Development Assistance,72-1021 + 19-72-1021,2022/2023,18,4.21,"Declaration of Joseph Carlile, Appendix A",ECF 202-2
da,DA,Development Assistance,72-1021 + 19-72-1021,2022/2023,19,11.03,"Declaration of Joseph Carlile, Appendix A",ECF 202-2
da,DA,Development Assistance,72-1021 + 19-72-1021,2022/2023,20,24.9,"Declaration of Joseph Carlile, Appendix A",ECF 202-2
da,DA,Development Assistance,72-1021 + 19-72-1021,2022/2023,21,36.85,"Declaration of Joseph Carlile, Appendix A",ECF 202-2
da,DA,Development Assistance,72-1021 + 19-72-1021,2022/2023,22,46.08,"Declaration of Joseph Carlile, Appendix A",ECF 202-2
da,DA,Development Assistance,72-1021 + 19-72-1021,2022/2023,23,63.67,"Declaration of Joseph Carlile, Appendix A",ECF 202-2
da,DA,Development Assistance,72-1021 + 19-72-1021,2022/2023,24,97.29,"Declaration of Joseph Carlile, Appendix A",ECF 202-2
da,DA,Development Assistance,72-1021 + 19-72-1021,2023/2024,1,0,"Declaration of Joseph Carlile, Appendix A",ECF 202-2
da,DA,Development Assistance,72-1021 + 19-72-1021,2023/2024,2,0,"Declaration of Joseph Carlile, Appendix A",ECF 202-2
da,DA,Development Assistance,72-1021 + 19-72-1021,2023/2024,3,0,"Declaration of Joseph Carlile, Appendix A",ECF 202-2
da,DA,Development Assistance,72-1021 + 19-72-1021,2023/2024,4,0,"Declaration of Joseph Carlile, Appendix A",ECF 202-2
da,DA,Development Assistance,72-1021 + 19-72-1021,2023/2024,5,0,"Declaration of Joseph Carlile, Appendix A",ECF 202-2
da,DA,Development Assistance,72-1021 + 19-72-1021,2023/2024,6,0,"Declaration of Joseph Carlile, Appendix A",ECF 202-2
da,DA,Development Assistance,72-1021 + 19-72-1021,2023/2024,7,0,"Declaration of Joseph Carlile, Appendix A",ECF 202-2
da,DA,Development Assistance,72-1021 + 19-72-1021,2023/2024,8,0,"Declaration of Joseph Carlile, Appendix A",ECF 202-2
da,DA,Development Assistance,72-1021 + 19-72-1021,2023/2024,9,0,"Declaration of Joseph Carlile, Appendix A",ECF 202-2
da,DA,Development Assistance,72-1021 + 19-72-1021,2023/2024,10,0,"Declaration of Joseph Carlile, Appendix A",ECF 202-2
da,DA,Development Assistance,72-1021 + 19-72-1021,2023/2024,11,0,"Declaration of Joseph Carlile, Appendix A",ECF 202-2
da,DA,Development Assistance,72-1021 + 19-72-1021,2023/2024,12,0,"Declaration of Joseph Carlile, Appendix A",ECF 202-2
da,DA,Development Assistance,72-1021 + 19-72-1021,2023/2024,13,0,"Declaration of Joseph Carlile, Appendix A",ECF 202-2
da,DA,Development Assistance,72-1021 + 19-72-1021,2023/2024,14,0,"Declaration of Joseph Carlile, Appendix A",ECF 202-2
da,DA,Development Assistance,72-1021 + 19-72-1021,2023/2024,15,0.02,"Declaration of Joseph Carlile, Appendix A",ECF 202-2
da,DA,Development Assistance,72-1021 + 19-72-1021,2023/2024,16,0.02,"Declaration of Joseph Carlile, Appendix A",ECF 202-2
da,DA,Development Assistance,72-1021 + 19-72-1021,2023/2024,17,0.62,"Declaration of Joseph Carlile, Appendix A",ECF 202-2
da,DA,Development Assistance,72-1021 + 19-72-1021,2023/2024,18,3.45,"Declaration of Joseph Carlile, Appendix A",ECF 202-2
da,DA,Development Assistance,72-1021 + 19-72-1021,2023/2024,19,14,"Declaration of Joseph Carlile, Appendix A",ECF 202-2
da,DA,Development Assistance,72-1021 + 19-72-1021,2023/2024,20,20.97,"Declaration of Joseph Carlile, Appendix A",ECF 202-2
da,DA,Development Assistance,72-1021 + 19-72-1021,2023/2024,21,26.68,"Declaration of Joseph Carlile, Appendix A",ECF 202-2
da,DA,Development Assistance,72-1021 + 19-72-1021,2023/2024,22,37.87,"Declaration of Joseph Carlile, Appendix A",ECF 202-2
da,DA,Development Assistance,72-1021 + 19-72-1021,2023/2024,23,51.94,"Declaration of Joseph Carlile, Appendix A",ECF 202-2
da,DA,Development Assistance,72-1021 + 19-72-1021,2023/2024,24,96.92,"Declaration of Joseph Carlile, Appendix A",ECF 202-2
da,DA,Development Assistance,72-1021 + 19-72-1021,2024/2025,1,0,"Declaration of Joseph Carlile, Appendix A",ECF 202-2
da,DA,Development Assistance,72-1021 + 19-72-1021,2024/2025,2,0,"Declaration of Joseph Carlile, Appendix A",ECF 202-2
da,DA,Development Assistance,72-1021 + 19-72-1021,2024/2025,3,0,"Declaration of Joseph Carlile, Appendix A",ECF 202-2
da,DA,Development Assistance,72-1021 + 19-72-1021,2024/2025,4,0,"Declaration of Joseph Carlile, Appendix A",ECF 202-2
da,DA,Development Assistance,72-1021 + 19-72-1021,2024/2025,5,0,"Declaration of Joseph Carlile, Appendix A",ECF 202-2
da,DA,Development Assistance,72-1021 + 19-72-1021,2024/2025,6,0,"Declaration of Joseph Carlile, Appendix A",ECF 202-2
da,DA,Development Assistance,72-1021 + 19-72-1021,2024/2025,7,0,"Declaration of Joseph Carlile, Appendix A",ECF 202-2
da,DA,Development Assistance,72-1021 + 19-72-1021,2024/2025,8,0,"Declaration of Joseph Carlile, Appendix A",ECF 202-2
da,DA,Development Assistance,72-1021 + 19-72-1021,2024/2025,9,0,"Declaration of Joseph Carlile, Appendix A",ECF 202-2
da,DA,Development Assistance,72-1021 + 19-72-1021,2024/2025,10,0,"Declaration of Joseph Carlile, Appendix A",ECF 202-2
da,DA,Development Assistance,72-1021 + 19-72-1021,2024/2025,11,0,"Declaration of Joseph Carlile, Appendix A",ECF 202-2
da,DA,Development Assistance,72-1021 + 19-72-1021,2024/2025,12,0,"Declaration of Joseph Carlile, Appendix A",ECF 202-2
da,DA,Development Assistance,72-1021 + 19-72-1021,2024/2025,13,0,"Declaration of Joseph Carlile, Appendix A",ECF 202-2
da,DA,Development Assistance,72-1021 + 19-72-1021,2024/2025,14,0,"Declaration of Joseph Carlile, Appendix A",ECF 202-2
da,DA,Development Assistance,72-1021 + 19-72-1021,2024/2025,15,0.67,"Declaration of Joseph Carlile, Appendix A",ECF 202-2
da,DA,Development Assistance,72-1021 + 19-72-1021,2024/2025,16,17.41,"Declaration of Joseph Carlile, Appendix A",ECF 202-2
da,DA,Development Assistance,72-1021 + 19-72-1021,2024/2025,17,17.41,"Declaration of Joseph Carlile, Appendix A",ECF 202-2
da,DA,Development Assistance,72-1021 + 19-72-1021,2024/2025,18,17.41,"Declaration of Joseph Carlile, Appendix A",ECF 202-2
da,DA,Development Assistance,72-1021 + 19-72-1021,2024/2025,19,18.04,"Declaration of Joseph Carlile, Appendix A",ECF 202-2
da,DA,Development Assistance,72-1021 + 19-72-1021,2024/2025,20,18.04,"Declaration of Joseph Carlile, Appendix A",ECF 202-2
da,DA,Development Assistance,72-1021 + 19-72-1021,2024/2025,21,18.57,"Declaration of Joseph Carlile, Appendix A",ECF 202-2
da,DA,Development Assistance,72-1021 + 19-72-1021,2024/2025,22,18.57,"Declaration of Joseph Carlile, Appendix A",ECF 202-2
da,DA,Development Assistance,72-1021 + 19-72-1021,2024/2025,23,18.57,"Declaration of Joseph Carlile, Appendix A",ECF 202-2
da,DA,Development Assistance,72-1021 + 19-72-1021,2024/2025,24,19.07,"Declaration of Joseph Carlile, Appendix A",ECF 202-2
da,DA,Development Assistance,72-1021 + 19-72-1021,2025/2026,1,0,"Declaration of Joseph Carlile, Appendix A",ECF 202-2
da,DA,Development Assistance,72-1021 + 19-72-1021,2025/2026,2,0,"Declaration of Joseph Carlile, Appendix A",ECF 202-2
da,DA,Development Assistance,72-1021 + 19-72-1021,2025/2026,3,0,"Declaration of Joseph Carlile, Appendix A",ECF 202-2
da,DA,Development Assistance,72-1021 + 19-72-1021,2025/2026,4,0,"Declaration of Joseph Carlile, Appendix A",ECF 202-2
da,DA,Development Assistance,72-1021 + 19-72-1021,2025/2026,5,0,"Declaration of Joseph Carlile, Appendix A",ECF 202-2
da,DA,Development Assistance,72-1021 + 19-72-1021,2025/2026,6,0,"Declaration of Joseph Carlile, Appendix A",ECF 202-2
da,DA,Development Assistance,72-1021 + 19-72-1021,2025/2026,7,0,"Declaration of Joseph Carlile, Appendix A",ECF 202-2
da,DA,Development Assistance,72-1021 + 19-72-1021,2025/2026,8,0,"Declaration of Joseph Carlile, Appendix A",ECF 202-2
da,DA,Development Assistance,72-1021 + 19-72-1021,2025/2026,9,0,"Declaration of Joseph Carlile, Appendix A",ECF 202-2
da,DA,Development Assistance,72-1021 + 19-72-1021,2025/2026,10,0,"Declaration of Joseph Carlile, Appendix A",ECF 202-2
da,DA,Development Assistance,72-1021 + 19-72-1021,2025/2026,11,0,"Declaration of Joseph Carlile, Appendix A",ECF 202-2
da,DA,Development Assistance,72-1021 + 19-72-1021,2025/2026,12,0,"Declaration of Joseph Carlile, Appendix A",ECF 202-2
da,DA,Development Assistance,72-1021 + 19-72-1021,2025/2026,13,0,"Declaration of Joseph Carlile, Appendix A",ECF 202-2
da,DA,Development Assistance,72-1021 + 19-72-1021,2025/2026,14,0,"Declaration of Joseph Carlile, Appendix A",ECF 202-2
da,DA,Development Assistance,72-1021 + 19-72-1021,2025/2026,15,2.2,"Declaration of Joseph Carlile, Appendix A",ECF 202-2
da,DA,Development Assistance,72-1021 + 19-72-1021,2025/2026,16,2.2,"Declaration of Joseph Carlile, Appendix A",ECF 202-2
da,DA,Development Assistance,72-1021 + 19-72-1021,2025/2026,17,2.2,"Declaration of Joseph Carlile, Appendix A",ECF 202-2
da,DA,Development Assistance,72-1021 + 19-72-1021,2025/2026,18,2.24,"Declaration of Joseph Carlile, Appendix A",ECF 202-2
da,DA,Development Assistance,72-1021 + 19-72-1021,2025/2026,19,2.24,"Declaration of Joseph Carlile, Appendix A",ECF 202-2
da,DA,Development Assistance,72-1021 + 19-72-1021,2025/2026,20,2.24,"Declaration of Joseph Carlile, Appendix A",ECF 202-2
da,DA,Development Assistance,72-1021 + 19-72-1021,2025/2026,21,2.8,"Declaration of Joseph Carlile, Appendix A",ECF 202-2
ghp,GHP,Global Health Programs (2-year),19-1031 + 72-19-1031,2020/2021,1,0,"Declaration of Joseph Carlile, Appendix A",ECF 202-2
ghp,GHP,Global Health Programs (2-year),19-1031 + 72-19-1031,2020/2021,2,0,"Declaration of Joseph Carlile, Appendix A",ECF 202-2
ghp,GHP,Global Health Programs (2-year),19-1031 + 72-19-1031,2020/2021,3,0,"Declaration of Joseph Carlile, Appendix A",ECF 202-2
ghp,GHP,Global Health Programs (2-year),19-1031 + 72-19-1031,2020/2021,4,0,"Declaration of Joseph Carlile, Appendix A",ECF 202-2
ghp,GHP,Global Health Programs (2-year),19-1031 + 72-19-1031,2020/2021,5,0,"Declaration of Joseph Carlile, Appendix A",ECF 202-2
ghp,GHP,Global Health Programs (2-year),19-1031 + 72-19-1031,2020/2021,6,0,"Declaration of Joseph Carlile, Appendix A",ECF 202-2
ghp,GHP,Global Health Programs (2-year),19-1031 + 72-19-1031,2020/2021,7,0,"Declaration of Joseph Carlile, Appendix A",ECF 202-2
ghp,GHP,Global Health Programs (2-year),19-1031 + 72-19-1031,2020/2021,8,0,"Declaration of Joseph Carlile, Appendix A",ECF 202-2
ghp,GHP,Global Health Programs (2-year),19-1031 + 72-19-1031,2020/2021,9,0,"Declaration of Joseph Carlile, Appendix A",ECF 202-2
ghp,GHP,Global Health Programs (2-year),19-1031 + 72-19-1031,2020/2021,10,0,"Declaration of Joseph Carlile, Appendix A",ECF 202-2
ghp,GHP,Global Health Programs (2-year),19-1031 + 72-19-1031,2020/2021,11,3.16,"Declaration of Joseph Carlile, Appendix A",ECF 202-2
ghp,GHP,Global Health Programs (2-year),19-1031 + 72-19-1031,2020/2021,12,15.65,"Declaration of Joseph Carlile, Appendix A",ECF 202-2
ghp,GHP,Global Health Programs (2-year),19-1031 + 72-19-1031,2020/2021,13,15.65,"Declaration of Joseph Carlile, Appendix A",ECF 202-2
ghp,GHP,Global Health Programs (2-year),19-1031 + 72-19-1031,2020/2021,14,27.05,"Declaration of Joseph Carlile, Appendix A",ECF 202-2
ghp,GHP,Global Health Programs (2-year),19-1031 + 72-19-1031,2020/2021,15,31.88,"Declaration of Joseph Carlile, Appendix A",ECF 202-2
ghp,GHP,Global Health Programs (2-year),19-1031 + 72-19-1031,2020/2021,16,42.11,"Declaration of Joseph Carlile, Appendix A",ECF 202-2
ghp,GHP,Global Health Programs (2-year),19-1031 + 72-19-1031,2020/2021,17,51.24,"Declaration of Joseph Carlile, Appendix A",ECF 202-2
ghp,GHP,Global Health Programs (2-year),19-1031 + 72-19-1031,2020/2021,18,59.08,"Declaration of Joseph Carlile, Appendix A",ECF 202-2
ghp,GHP,Global Health Programs (2-year),19-1031 + 72-19-1031,2020/2021,19,64.32,"Declaration of Joseph Carlile, Appendix A",ECF 202-2
ghp,GHP,Global Health Programs (2-year),19-1031 + 72-19-1031,2020/2021,20,69.22,"Declaration of Joseph Carlile, Appendix A",ECF 202-2
ghp,GHP,Global Health Programs (2-year),19-1031 + 72-19-1031,2020/2021,21,75.58,"Declaration of Joseph Carlile, Appendix A",ECF 202-2
ghp,GHP,Global Health Programs (2-year),19-1031 + 72-19-1031,2020/2021,22,82,"Declaration of Joseph Carlile, Appendix A",ECF 202-2
ghp,GHP,Global Health Programs (2-year),19-1031 + 72-19-1031,2020/2021,23,89.17,"Declaration of Joseph Carlile, Appendix A",ECF 202-2
ghp,GHP,Global Health Programs (2-year),19-1031 + 72-19-1031,2020/2021,24,100.8,"Declaration of Joseph Carlile, Appendix A",ECF 202-2
ghp,GHP,Global Health Programs (2-year),19-1031 + 72-19-1031,2021/2022,1,0,"Declaration of Joseph Carlile, Appendix A",ECF 202-2
ghp,GHP,Global Health Programs (2-year),19-1031 + 72-19-1031,2021/2022,2,0,"Declaration of Joseph Carlile, Appendix A",ECF 202-2
ghp,GHP,Global Health Programs (2-year),19-1031 + 72-19-1031,2021/2022,3,0,"Declaration of Joseph Carlile, Appendix A",ECF 202-2
ghp,GHP,Global Health Programs (2-year),19-1031 + 72-19-1031,2021/2022,4,0,"Declaration of Joseph Carlile, Appendix A",ECF 202-2
ghp,GHP,Global Health Programs (2-year),19-1031 + 72-19-1031,2021/2022,5,0,"Declaration of Joseph Carlile, Appendix A",ECF 202-2
ghp,GHP,Global Health Programs (2-year),19-1031 + 72-19-1031,2021/2022,6,27.53,"Declaration of Joseph Carlile, Appendix A",ECF 202-2
ghp,GHP,Global Health Programs (2-year),19-1031 + 72-19-1031,2021/2022,7,27.53,"Declaration of Joseph Carlile, Appendix A",ECF 202-2
ghp,GHP,Global Health Programs (2-year),19-1031 + 72-19-1031,2021/2022,8,27.53,"Declaration of Joseph Carlile, Appendix A",ECF 202-2
ghp,GHP,Global Health Programs (2-year),19-1031 + 72-19-1031,2021/2022,9,27.53,"Declaration of Joseph Carlile, Appendix A",ECF 202-2
ghp,GHP,Global Health Programs (2-year),19-1031 + 72-19-1031,2021/2022,10,55.06,"Declaration of Joseph Carlile, Appendix A",ECF 202-2
ghp,GHP,Global Health Programs (2-year),19-1031 + 72-19-1031,2021/2022,11,55.06,"Declaration of Joseph Carlile, Appendix A",ECF 202-2
ghp,GHP,Global Health Programs (2-year),19-1031 + 72-19-1031,2021/2022,12,57.28,"Declaration of Joseph Carlile, Appendix A",ECF 202-2
ghp,GHP,Global Health Programs (2-year),19-1031 + 72-19-1031,2021/2022,13,57.28,"Declaration of Joseph Carlile, Appendix A",ECF 202-2
ghp,GHP,Global Health Programs (2-year),19-1031 + 72-19-1031,2021/2022,14,59.06,"Declaration of Joseph Carlile, Appendix A",ECF 202-2
ghp,GHP,Global Health Programs (2-year),19-1031 + 72-19-1031,2021/2022,15,66.09,"Declaration of Joseph Carlile, Appendix A",ECF 202-2
ghp,GHP,Global Health Programs (2-year),19-1031 + 72-19-1031,2021/2022,16,67.09,"Declaration of Joseph Carlile, Appendix A",ECF 202-2
ghp,GHP,Global Health Programs (2-year),19-1031 + 72-19-1031,2021/2022,17,70.18,"Declaration of Joseph Carlile, Appendix A",ECF 202-2
ghp,GHP,Global Health Programs (2-year),19-1031 + 72-19-1031,2021/2022,18,73.99,"Declaration of Joseph Carlile, Appendix A",ECF 202-2
ghp,GHP,Global Health Programs (2-year),19-1031 + 72-19-1031,2021/2022,19,77.71,"Declaration of Joseph Carlile, Appendix A",ECF 202-2
ghp,GHP,Global Health Programs (2-year),19-1031 + 72-19-1031,2021/2022,20,83.48,"Declaration of Joseph Carlile, Appendix A",ECF 202-2
ghp,GHP,Global Health Programs (2-year),19-1031 + 72-19-1031,2021/2022,21,85.46,"Declaration of Joseph Carlile, Appendix A",ECF 202-2
ghp,GHP,Global Health Programs (2-year),19-1031 + 72-19-1031,2021/2022,22,90.58,"Declaration of Joseph Carlile, Appendix A",ECF 202-2
ghp,GHP,Global Health Programs (2-year),19-1031 + 72-19-1031,2021/2022,23,92.88,"Declaration of Joseph Carlile, Appendix A",ECF 202-2
ghp,GHP,Global Health Programs (2-year),19-1031 + 72-19-1031,2021/2022,24,99.94,"Declaration of Joseph Carlile, Appendix A",ECF 202-2
ghp,GHP,Global Health Programs (2-year),19-1031 + 72-19-1031,2022/2023,1,0,"Declaration of Joseph Carlile, Appendix A",ECF 202-2
ghp,GHP,Global Health Programs (2-year),19-1031 + 72-19-1031,2022/2023,2,0,"Declaration of Joseph Carlile, Appendix A",ECF 202-2
ghp,GHP,Global Health Programs (2-year),19-1031 + 72-19-1031,2022/2023,3,0,"Declaration of Joseph Carlile, Appendix A",ECF 202-2
ghp,GHP,Global Health Programs (2-year),19-1031 + 72-19-1031,2022/2023,4,0,"Declaration of Joseph Carlile, Appendix A",ECF 202-2
ghp,GHP,Global Health Programs (2-year),19-1031 + 72-19-1031,2022/2023,5,0,"Declaration of Joseph Carlile, Appendix A",ECF 202-2
ghp,GHP,Global Health Programs (2-year),19-1031 + 72-19-1031,2022/2023,6,0,"Declaration of Joseph Carlile, Appendix A",ECF 202-2
ghp,GHP,Global Health Programs (2-year),19-1031 + 72-19-1031,2022/2023,7,0,"Declaration of Joseph Carlile, Appendix A",ECF 202-2
ghp,GHP,Global Health Programs (2-year),19-1031 + 72-19-1031,2022/2023,8,0,"Declaration of Joseph Carlile, Appendix A",ECF 202-2
ghp,GHP,Global Health Programs (2-year),19-1031 + 72-19-1031,2022/2023,9,0,"Declaration of Joseph Carlile, Appendix A",ECF 202-2
ghp,GHP,Global Health Programs (2-year),19-1031 + 72-19-1031,2022/2023,10,0,"Declaration of Joseph Carlile, Appendix A",ECF 202-2
ghp,GHP,Global Health Programs (2-year),19-1031 + 72-19-1031,2022/2023,11,0,"Declaration of Joseph Carlile, Appendix A",ECF 202-2
ghp,GHP,Global Health Programs (2-year),19-1031 + 72-19-1031,2022/2023,12,7.47,"Declaration of Joseph Carlile, Appendix A",ECF 202-2
ghp,GHP,Global Health Programs (2-year),19-1031 + 72-19-1031,2022/2023,13,7.47,"Declaration of Joseph Carlile, Appendix A",ECF 202-2
ghp,GHP,Global Health Programs (2-year),19-1031 + 72-19-1031,2022/2023,14,8.94,"Declaration of Joseph Carlile, Appendix A",ECF 202-2
ghp,GHP,Global Health Programs (2-year),19-1031 + 72-19-1031,2022/2023,15,13.2,"Declaration of Joseph Carlile, Appendix A",ECF 202-2
ghp,GHP,Global Health Programs (2-year),19-1031 + 72-19-1031,2022/2023,16,18.53,"Declaration of Joseph Carlile, Appendix A",ECF 202-2
ghp,GHP,Global Health Programs (2-year),19-1031 + 72-19-1031,2022/2023,17,23.67,"Declaration of Joseph Carlile, Appendix A",ECF 202-2
ghp,GHP,Global Health Programs (2-year),19-1031 + 72-19-1031,2022/2023,18,30.44,"Declaration of Joseph Carlile, Appendix A",ECF 202-2
ghp,GHP,Global Health Programs (2-year),19-1031 + 72-19-1031,2022/2023,19,44.04,"Declaration of Joseph Carlile, Appendix A",ECF 202-2
ghp,GHP,Global Health Programs (2-year),19-1031 + 72-19-1031,2022/2023,20,53.91,"Declaration of Joseph Carlile, Appendix A",ECF 202-2
ghp,GHP,Global Health Programs (2-year),19-1031 + 72-19-1031,2022/2023,21,67.42,"Declaration of Joseph Carlile, Appendix A",ECF 202-2
ghp,GHP,Global Health Programs (2-year),19-1031 + 72-19-1031,2022/2023,22,73.67,"Declaration of Joseph Carlile, Appendix A",ECF 202-2
ghp,GHP,Global Health Programs (2-year),19-1031 + 72-19-1031,2022/2023,23,83.93,"Declaration of Joseph Carlile, Appendix A",ECF 202-2
ghp,GHP,Global Health Programs (2-year),19-1031 + 72-19-1031,2022/2023,24,97.43,"Declaration of Joseph Carlile, Appendix A",ECF 202-2
ghp,GHP,Global Health Programs (2-year),19-1031 + 72-19-1031,2023/2024,1,0,"Declaration of Joseph Carlile, Appendix A",ECF 202-2
ghp,GHP,Global Health Programs (2-year),19-1031 + 72-19-1031,2023/2024,2,0,"Declaration of Joseph Carlile, Appendix A",ECF 202-2
ghp,GHP,Global Health Programs (2-year),19-1031 + 72-19-1031,2023/2024,3,0,"Declaration of Joseph Carlile, Appendix A",ECF 202-2
ghp,GHP,Global Health Programs (2-year),19-1031 + 72-19-1031,2023/2024,4,0,"Declaration of Joseph Carlile, Appendix A",ECF 202-2
ghp,GHP,Global Health Programs (2-year),19-1031 + 72-19-1031,2023/2024,5,0,"Declaration of Joseph Carlile, Appendix A",ECF 202-2
ghp,GHP,Global Health Programs (2-year),19-1031 + 72-19-1031,2023/2024,6,0,"Declaration of Joseph Carlile, Appendix A",ECF 202-2
ghp,GHP,Global Health Programs (2-year),19-1031 + 72-19-1031,2023/2024,7,0,"Declaration of Joseph Carlile, Appendix A",ECF 202-2
ghp,GHP,Global Health Programs (2-year),19-1031 + 72-19-1031,2023/2024,8,0,"Declaration of Joseph Carlile, Appendix A",ECF 202-2
ghp,GHP,Global Health Programs (2-year),19-1031 + 72-19-1031,2023/2024,9,0,"Declaration of Joseph Carlile, Appendix A",ECF 202-2
ghp,GHP,Global Health Programs (2-year),19-1031 + 72-19-1031,2023/2024,10,0,"Declaration of Joseph Carlile, Appendix A",ECF 202-2
ghp,GHP,Global Health Programs (2-year),19-1031 + 72-19-1031,2023/2024,11,0,"Declaration of Joseph Carlile, Appendix A",ECF 202-2
ghp,GHP,Global Health Programs (2-year),19-1031 + 72-19-1031,2023/2024,12,6.96,"Declaration of Joseph Carlile, Appendix A",ECF 202-2
ghp,GHP,Global Health Programs (2-year),19-1031 + 72-19-1031,2023/2024,13,6.96,"Declaration of Joseph Carlile, Appendix A",ECF 202-2
ghp,GHP,Global Health Programs (2-year),19-1031 + 72-19-1031,2023/2024,14,9.88,"Declaration of Joseph Carlile, Appendix A",ECF 202-2
ghp,GHP,Global Health Programs (2-year),19-1031 + 72-19-1031,2023/2024,15,14.72,"Declaration of Joseph Carlile, Appendix A",ECF 202-2
ghp,GHP,Global Health Programs (2-year),19-1031 + 72-19-1031,2023/2024,16,18.44,"Declaration of Joseph Carlile, Appendix A",ECF 202-2
ghp,GHP,Global Health Programs (2-year),19-1031 + 72-19-1031,2023/2024,17,24.79,"Declaration of Joseph Carlile, Appendix A",ECF 202-2
ghp,GHP,Global Health Programs (2-year),19-1031 + 72-19-1031,2023/2024,18,30.92,"Declaration of Joseph Carlile, Appendix A",ECF 202-2
ghp,GHP,Global Health Programs (2-year),19-1031 + 72-19-1031,2023/2024,19,43.25,"Declaration of Joseph Carlile, Appendix A",ECF 202-2
ghp,GHP,Global Health Programs (2-year),19-1031 + 72-19-1031,2023/2024,20,47.27,"Declaration of Joseph Carlile, Appendix A",ECF 202-2
ghp,GHP,Global Health Programs (2-year),19-1031 + 72-19-1031,2023/2024,21,54.46,"Declaration of Joseph Carlile, Appendix A",ECF 202-2
ghp,GHP,Global Health Programs (2-year),19-1031 + 72-19-1031,2023/2024,22,61.71,"Declaration of Joseph Carlile, Appendix A",ECF 202-2
ghp,GHP,Global Health Programs (2-year),19-1031 + 72-19-1031,2023/2024,23,71.28,"Declaration of Joseph Carlile, Appendix A",ECF 202-2
ghp,GHP,Global Health Programs (2-year),19-1031 + 72-19-1031,2023/2024,24,97.88,"Declaration of Joseph Carlile, Appendix A",ECF 202-2
ghp,GHP,Global Health Programs (2-year),19-1031 + 72-19-1031,2024/2025,1,0,"Declaration of Joseph Carlile, Appendix A",ECF 202-2
ghp,GHP,Global Health Programs (2-year),19-1031 + 72-19-1031,2024/2025,2,0,"Declaration of Joseph Carlile, Appendix A",ECF 202-2
ghp,GHP,Global Health Programs (2-year),19-1031 + 72-19-1031,2024/2025,3,0,"Declaration of Joseph Carlile, Appendix A",ECF 202-2
ghp,GHP,Global Health Programs (2-year),19-1031 + 72-19-1031,2024/2025,4,0,"Declaration of Joseph Carlile, Appendix A",ECF 202-2
ghp,GHP,Global Health Programs (2-year),19-1031 + 72-19-1031,2024/2025,5,0,"Declaration of Joseph Carlile, Appendix A",ECF 202-2
ghp,GHP,Global Health Programs (2-year),19-1031 + 72-19-1031,2024/2025,6,0,"Declaration of Joseph Carlile, Appendix A",ECF 202-2
ghp,GHP,Global Health Programs (2-year),19-1031 + 72-19-1031,2024/2025,7,0,"Declaration of Joseph Carlile, Appendix A",ECF 202-2
ghp,GHP,Global Health Programs (2-year),19-1031 + 72-19-1031,2024/2025,8,0.01,"Declaration of Joseph Carlile, Appendix A",ECF 202-2
ghp,GHP,Global Health Programs (2-year),19-1031 + 72-19-1031,2024/2025,9,0.01,"Declaration of Joseph Carlile, Appendix A",ECF 202-2
ghp,GHP,Global Health Programs (2-year),19-1031 + 72-19-1031,2024/2025,10,0.01,"Declaration of Joseph Carlile, Appendix A",ECF 202-2
ghp,GHP,Global Health Programs (2-year),19-1031 + 72-19-1031,2024/2025,11,1.74,"Declaration of Joseph Carlile, Appendix A",ECF 202-2
ghp,GHP,Global Health Programs (2-year),19-1031 + 72-19-1031,2024/2025,12,11.83,"Declaration of Joseph Carlile, Appendix A",ECF 202-2
ghp,GHP,Global Health Programs (2-year),19-1031 + 72-19-1031,2024/2025,13,11.83,"Declaration of Joseph Carlile, Appendix A",ECF 202-2
ghp,GHP,Global Health Programs (2-year),19-1031 + 72-19-1031,2024/2025,14,11.85,"Declaration of Joseph Carlile, Appendix A",ECF 202-2
ghp,GHP,Global Health Programs (2-year),19-1031 + 72-19-1031,2024/2025,15,16.53,"Declaration of Joseph Carlile, Appendix A",ECF 202-2
ghp,GHP,Global Health Programs (2-year),19-1031 + 72-19-1031,2024/2025,16,35.82,"Declaration of Joseph Carlile, Appendix A",ECF 202-2
ghp,GHP,Global Health Programs (2-year),19-1031 + 72-19-1031,2024/2025,17,35.84,"Declaration of Joseph Carlile, Appendix A",ECF 202-2
ghp,GHP,Global Health Programs (2-year),19-1031 + 72-19-1031,2024/2025,18,35.95,"Declaration of Joseph Carlile, Appendix A",ECF 202-2
ghp,GHP,Global Health Programs (2-year),19-1031 + 72-19-1031,2024/2025,19,35.98,"Declaration of Joseph Carlile, Appendix A",ECF 202-2
ghp,GHP,Global Health Programs (2-year),19-1031 + 72-19-1031,2024/2025,20,36.51,"Declaration of Joseph Carlile, Appendix A",ECF 202-2
ghp,GHP,Global Health Programs (2-year),19-1031 + 72-19-1031,2024/2025,21,46.87,"Declaration of Joseph Carlile, Appendix A",ECF 202-2
ghp,GHP,Global Health Programs (2-year),19-1031 + 72-19-1031,2024/2025,22,48.87,"Declaration of Joseph Carlile, Appendix A",ECF 202-2
ghp,GHP,Global Health Programs (2-year),19-1031 + 72-19-1031,2024/2025,23,52.53,"Declaration of Joseph Carlile, Appendix A",ECF 202-2
ghp,GHP,Global Health Programs (2-year),19-1031 + 72-19-1031,2024/2025,24,99.8,"Declaration of Joseph Carlile, Appendix A",ECF 202-2
ghp,GHP,Global Health Programs (2-year),19-1031 + 72-19-1031,2025/2026,1,0,"Declaration of Joseph Carlile, Appendix A",ECF 202-2
ghp,GHP,Global Health Programs (2-year),19-1031 + 72-19-1031,2025/2026,2,0,"Declaration of Joseph Carlile, Appendix A",ECF 202-2
ghp,GHP,Global Health Programs (2-year),19-1031 + 72-19-1031,2025/2026,3,0,"Declaration of Joseph Carlile, Appendix A",ECF 202-2
ghp,GHP,Global Health Programs (2-year),19-1031 + 72-19-1031,2025/2026,4,0,"Declaration of Joseph Carlile, Appendix A",ECF 202-2
ghp,GHP,Global Health Programs (2-year),19-1031 + 72-19-1031,2025/2026,5,0,"Declaration of Joseph Carlile, Appendix A",ECF 202-2
ghp,GHP,Global Health Programs (2-year),19-1031 + 72-19-1031,2025/2026,6,0,"Declaration of Joseph Carlile, Appendix A",ECF 202-2
ghp,GHP,Global Health Programs (2-year),19-1031 + 72-19-1031,2025/2026,7,0,"Declaration of Joseph Carlile, Appendix A",ECF 202-2
ghp,GHP,Global Health Programs (2-year),19-1031 + 72-19-1031,2025/2026,8,0,"Declaration of Joseph Carlile, Appendix A",ECF 202-2
ghp,GHP,Global Health Programs (2-year),19-1031 + 72-19-1031,2025/2026,9,0,"Declaration of Joseph Carlile, Appendix A",ECF 202-2
ghp,GHP,Global Health Programs (2-year),19-1031 + 72-19-1031,2025/2026,10,0,"Declaration of Joseph Carlile, Appendix A",ECF 202-2
ghp,GHP,Global Health Programs (2-year),19-1031 + 72-19-1031,2025/2026,11,0,"Declaration of Joseph Carlile, Appendix A",ECF 202-2
ghp,GHP,Global Health Programs (2-year),19-1031 + 72-19-1031,2025/2026,12,0,"Declaration of Joseph Carlile, Appendix A",ECF 202-2
ghp,GHP,Global Health Programs (2-year),19-1031 + 72-19-1031,2025/2026,13,0,"Declaration of Joseph Carlile, Appendix A",ECF 202-2
ghp,GHP,Global Health Programs (2-year),19-1031 + 72-19-1031,2025/2026,14,0,"Declaration of Joseph Carlile, Appendix A",ECF 202-2
ghp,GHP,Global Health Programs (2-year),19-1031 + 72-19-1031,2025/2026,15,0,"Declaration of Joseph Carlile, Appendix A",ECF 202-2
ghp,GHP,Global Health Programs (2-year),19-1031 + 72-19-1031,2025/2026,16,0,"Declaration of Joseph Carlile, Appendix A",ECF 202-2
ghp,GHP,Global Health Programs (2-year),19-1031 + 72-19-1031,2025/2026,17,0,"Declaration of Joseph Carlile, Appendix A",ECF 202-2
ghp,GHP,Global Health Programs (2-year),19-1031 + 72-19-1031,2025/2026,18,0,"Declaration of Joseph Carlile, Appendix A",ECF 202-2
ghp,GHP,Global Health Programs (2-year),19-1031 + 72-19-1031,2025/2026,19,0,"Declaration of Joseph Carlile, Appendix A",ECF 202-2
ghp,GHP,Global Health Programs (2-year),19-1031 + 72-19-1031,2025/2026,20,4.41,"Declaration of Joseph Carlile, Appendix A",ECF 202-2
ghp,GHP,Global Health Programs (2-year),19-1031 + 72-19-1031,2025/2026,21,6.64,"Declaration of Joseph Carlile, Appendix A",ECF 202-2
aeeca,AEECA,"Assistance for Europe, Eurasia and Central Asia",72-0306 + 19-72-0306,2020/2021,1,0,"Declaration of Joseph Carlile, Appendix A",ECF 202-2
aeeca,AEECA,"Assistance for Europe, Eurasia and Central Asia",72-0306 + 19-72-0306,2020/2021,2,0,"Declaration of Joseph Carlile, Appendix A",ECF 202-2
aeeca,AEECA,"Assistance for Europe, Eurasia and Central Asia",72-0306 + 19-72-0306,2020/2021,3,0,"Declaration of Joseph Carlile, Appendix A",ECF 202-2
aeeca,AEECA,"Assistance for Europe, Eurasia and Central Asia",72-0306 + 19-72-0306,2020/2021,4,0,"Declaration of Joseph Carlile, Appendix A",ECF 202-2
aeeca,AEECA,"Assistance for Europe, Eurasia and Central Asia",72-0306 + 19-72-0306,2020/2021,5,0,"Declaration of Joseph Carlile, Appendix A",ECF 202-2
aeeca,AEECA,"Assistance for Europe, Eurasia and Central Asia",72-0306 + 19-72-0306,2020/2021,6,0,"Declaration of Joseph Carlile, Appendix A",ECF 202-2
aeeca,AEECA,"Assistance for Europe, Eurasia and Central Asia",72-0306 + 19-72-0306,2020/2021,7,0,"Declaration of Joseph Carlile, Appendix A",ECF 202-2
aeeca,AEECA,"Assistance for Europe, Eurasia and Central Asia",72-0306 + 19-72-0306,2020/2021,8,0.01,"Declaration of Joseph Carlile, Appendix A",ECF 202-2
aeeca,AEECA,"Assistance for Europe, Eurasia and Central Asia",72-0306 + 19-72-0306,2020/2021,9,0.01,"Declaration of Joseph Carlile, Appendix A",ECF 202-2
aeeca,AEECA,"Assistance for Europe, Eurasia and Central Asia",72-0306 + 19-72-0306,2020/2021,10,0.01,"Declaration of Joseph Carlile, Appendix A",ECF 202-2
aeeca,AEECA,"Assistance for Europe, Eurasia and Central Asia",72-0306 + 19-72-0306,2020/2021,11,0.01,"Declaration of Joseph Carlile, Appendix A",ECF 202-2
aeeca,AEECA,"Assistance for Europe, Eurasia and Central Asia",72-0306 + 19-72-0306,2020/2021,12,0.27,"Declaration of Joseph Carlile, Appendix A",ECF 202-2
aeeca,AEECA,"Assistance for Europe, Eurasia and Central Asia",72-0306 + 19-72-0306,2020/2021,13,0.27,"Declaration of Joseph Carlile, Appendix A",ECF 202-2
aeeca,AEECA,"Assistance for Europe, Eurasia and Central Asia",72-0306 + 19-72-0306,2020/2021,14,6.86,"Declaration of Joseph Carlile, Appendix A",ECF 202-2
aeeca,AEECA,"Assistance for Europe, Eurasia and Central Asia",72-0306 + 19-72-0306,2020/2021,15,30.3,"Declaration of Joseph Carlile, Appendix A",ECF 202-2
aeeca,AEECA,"Assistance for Europe, Eurasia and Central Asia",72-0306 + 19-72-0306,2020/2021,16,32.02,"Declaration of Joseph Carlile, Appendix A",ECF 202-2
aeeca,AEECA,"Assistance for Europe, Eurasia and Central Asia",72-0306 + 19-72-0306,2020/2021,17,36.97,"Declaration of Joseph Carlile, Appendix A",ECF 202-2
aeeca,AEECA,"Assistance for Europe, Eurasia and Central Asia",72-0306 + 19-72-0306,2020/2021,18,39,"Declaration of Joseph Carlile, Appendix A",ECF 202-2
aeeca,AEECA,"Assistance for Europe, Eurasia and Central Asia",72-0306 + 19-72-0306,2020/2021,19,42.52,"Declaration of Joseph Carlile, Appendix A",ECF 202-2
aeeca,AEECA,"Assistance for Europe, Eurasia and Central Asia",72-0306 + 19-72-0306,2020/2021,20,49.73,"Declaration of Joseph Carlile, Appendix A",ECF 202-2
aeeca,AEECA,"Assistance for Europe, Eurasia and Central Asia",72-0306 + 19-72-0306,2020/2021,21,58.66,"Declaration of Joseph Carlile, Appendix A",ECF 202-2
aeeca,AEECA,"Assistance for Europe, Eurasia and Central Asia",72-0306 + 19-72-0306,2020/2021,22,72.71,"Declaration of Joseph Carlile, Appendix A",ECF 202-2
aeeca,AEECA,"Assistance for Europe, Eurasia and Central Asia",72-0306 + 19-72-0306,2020/2021,23,78.29,"Declaration of Joseph Carlile, Appendix A",ECF 202-2
aeeca,AEECA,"Assistance for Europe, Eurasia and Central Asia",72-0306 + 19-72-0306,2020/2021,24,98.41,"Declaration of Joseph Carlile, Appendix A",ECF 202-2
aeeca,AEECA,"Assistance for Europe, Eurasia and Central Asia",72-0306 + 19-72-0306,2021/2022,1,0,"Declaration of Joseph Carlile, Appendix A",ECF 202-2
aeeca,AEECA,"Assistance for Europe, Eurasia and Central Asia",72-0306 + 19-72-0306,2021/2022,2,0,"Declaration of Joseph Carlile, Appendix A",ECF 202-2
aeeca,AEECA,"Assistance for Europe, Eurasia and Central Asia",72-0306 + 19-72-0306,2021/2022,3,0,"Declaration of Joseph Carlile, Appendix A",ECF 202-2
aeeca,AEECA,"Assistance for Europe, Eurasia and Central Asia",72-0306 + 19-72-0306,2021/2022,4,0,"Declaration of Joseph Carlile, Appendix A",ECF 202-2
aeeca,AEECA,"Assistance for Europe, Eurasia and Central Asia",72-0306 + 19-72-0306,2021/2022,5,0,"Declaration of Joseph Carlile, Appendix A",ECF 202-2
aeeca,AEECA,"Assistance for Europe, Eurasia and Central Asia",72-0306 + 19-72-0306,2021/2022,6,0,"Declaration of Joseph Carlile, Appendix A",ECF 202-2
aeeca,AEECA,"Assistance for Europe, Eurasia and Central Asia",72-0306 + 19-72-0306,2021/2022,7,0,"Declaration of Joseph Carlile, Appendix A",ECF 202-2
aeeca,AEECA,"Assistance for Europe, Eurasia and Central Asia",72-0306 + 19-72-0306,2021/2022,8,0.01,"Declaration of Joseph Carlile, Appendix A",ECF 202-2
aeeca,AEECA,"Assistance for Europe, Eurasia and Central Asia",72-0306 + 19-72-0306,2021/2022,9,0.01,"Declaration of Joseph Carlile, Appendix A",ECF 202-2
aeeca,AEECA,"Assistance for Europe, Eurasia and Central Asia",72-0306 + 19-72-0306,2021/2022,10,0.01,"Declaration of Joseph Carlile, Appendix A",ECF 202-2
aeeca,AEECA,"Assistance for Europe, Eurasia and Central Asia",72-0306 + 19-72-0306,2021/2022,11,0.01,"Declaration of Joseph Carlile, Appendix A",ECF 202-2
aeeca,AEECA,"Assistance for Europe, Eurasia and Central Asia",72-0306 + 19-72-0306,2021/2022,12,0.01,"Declaration of Joseph Carlile, Appendix A",ECF 202-2
aeeca,AEECA,"Assistance for Europe, Eurasia and Central Asia",72-0306 + 19-72-0306,2021/2022,13,0.01,"Declaration of Joseph Carlile, Appendix A",ECF 202-2
aeeca,AEECA,"Assistance for Europe, Eurasia and Central Asia",72-0306 + 19-72-0306,2021/2022,14,0.01,"Declaration of Joseph Carlile, Appendix A",ECF 202-2
aeeca,AEECA,"Assistance for Europe, Eurasia and Central Asia",72-0306 + 19-72-0306,2021/2022,15,0.06,"Declaration of Joseph Carlile, Appendix A",ECF 202-2
aeeca,AEECA,"Assistance for Europe, Eurasia and Central Asia",72-0306 + 19-72-0306,2021/2022,16,0.1,"Declaration of Joseph Carlile, Appendix A",ECF 202-2
aeeca,AEECA,"Assistance for Europe, Eurasia and Central Asia",72-0306 + 19-72-0306,2021/2022,17,1.84,"Declaration of Joseph Carlile, Appendix A",ECF 202-2
aeeca,AEECA,"Assistance for Europe, Eurasia and Central Asia",72-0306 + 19-72-0306,2021/2022,18,30.61,"Declaration of Joseph Carlile, Appendix A",ECF 202-2
aeeca,AEECA,"Assistance for Europe, Eurasia and Central Asia",72-0306 + 19-72-0306,2021/2022,19,36.86,"Declaration of Joseph Carlile, Appendix A",ECF 202-2
aeeca,AEECA,"Assistance for Europe, Eurasia and Central Asia",72-0306 + 19-72-0306,2021/2022,20,47.96,"Declaration of Joseph Carlile, Appendix A",ECF 202-2
aeeca,AEECA,"Assistance for Europe, Eurasia and Central Asia",72-0306 + 19-72-0306,2021/2022,21,50.2,"Declaration of Joseph Carlile, Appendix A",ECF 202-2
aeeca,AEECA,"Assistance for Europe, Eurasia and Central Asia",72-0306 + 19-72-0306,2021/2022,22,55.88,"Declaration of Joseph Carlile, Appendix A",ECF 202-2
aeeca,AEECA,"Assistance for Europe, Eurasia and Central Asia",72-0306 + 19-72-0306,2021/2022,23,67.56,"Declaration of Joseph Carlile, Appendix A",ECF 202-2
aeeca,AEECA,"Assistance for Europe, Eurasia and Central Asia",72-0306 + 19-72-0306,2021/2022,24,98.75,"Declaration of Joseph Carlile, Appendix A",ECF 202-2
aeeca,AEECA,"Assistance for Europe, Eurasia and Central Asia",72-0306 + 19-72-0306,2022/2023,1,0,"Declaration of Joseph Carlile, Appendix A",ECF 202-2
aeeca,AEECA,"Assistance for Europe, Eurasia and Central Asia",72-0306 + 19-72-0306,2022/2023,2,0,"Declaration of Joseph Carlile, Appendix A",ECF 202-2
aeeca,AEECA,"Assistance for Europe, Eurasia and Central Asia",72-0306 + 19-72-0306,2022/2023,3,0,"Declaration of Joseph Carlile, Appendix A",ECF 202-2
aeeca,AEECA,"Assistance for Europe, Eurasia and Central Asia",72-0306 + 19-72-0306,2022/2023,4,0,"Declaration of Joseph Carlile, Appendix A",ECF 202-2
aeeca,AEECA,"Assistance for Europe, Eurasia and Central Asia",72-0306 + 19-72-0306,2022/2023,5,0,"Declaration of Joseph Carlile, Appendix A",ECF 202-2
aeeca,AEECA,"Assistance for Europe, Eurasia and Central Asia",72-0306 + 19-72-0306,2022/2023,6,0.1,"Declaration of Joseph Carlile, Appendix A",ECF 202-2
aeeca,AEECA,"Assistance for Europe, Eurasia and Central Asia",72-0306 + 19-72-0306,2022/2023,7,0.1,"Declaration of Joseph Carlile, Appendix A",ECF 202-2
aeeca,AEECA,"Assistance for Europe, Eurasia and Central Asia",72-0306 + 19-72-0306,2022/2023,8,0.11,"Declaration of Joseph Carlile, Appendix A",ECF 202-2
aeeca,AEECA,"Assistance for Europe, Eurasia and Central Asia",72-0306 + 19-72-0306,2022/2023,9,0.11,"Declaration of Joseph Carlile, Appendix A",ECF 202-2
aeeca,AEECA,"Assistance for Europe, Eurasia and Central Asia",72-0306 + 19-72-0306,2022/2023,10,0.11,"Declaration of Joseph Carlile, Appendix A",ECF 202-2
aeeca,AEECA,"Assistance for Europe, Eurasia and Central Asia",72-0306 + 19-72-0306,2022/2023,11,0.11,"Declaration of Joseph Carlile, Appendix A",ECF 202-2
aeeca,AEECA,"Assistance for Europe, Eurasia and Central Asia",72-0306 + 19-72-0306,2022/2023,12,0.11,"Declaration of Joseph Carlile, Appendix A",ECF 202-2
aeeca,AEECA,"Assistance for Europe, Eurasia and Central Asia",72-0306 + 19-72-0306,2022/2023,13,0.11,"Declaration of Joseph Carlile, Appendix A",ECF 202-2
aeeca,AEECA,"Assistance for Europe, Eurasia and Central Asia",72-0306 + 19-72-0306,2022/2023,14,0.54,"Declaration of Joseph Carlile, Appendix A",ECF 202-2
aeeca,AEECA,"Assistance for Europe, Eurasia and Central Asia",72-0306 + 19-72-0306,2022/2023,15,0.57,"Declaration of Joseph Carlile, Appendix A",ECF 202-2
aeeca,AEECA,"Assistance for Europe, Eurasia and Central Asia",72-0306 + 19-72-0306,2022/2023,16,1.23,"Declaration of Joseph Carlile, Appendix A",ECF 202-2
aeeca,AEECA,"Assistance for Europe, Eurasia and Central Asia",72-0306 + 19-72-0306,2022/2023,17,2.11,"Declaration of Joseph Carlile, Appendix A",ECF 202-2
aeeca,AEECA,"Assistance for Europe, Eurasia and Central Asia",72-0306 + 19-72-0306,2022/2023,18,3.17,"Declaration of Joseph Carlile, Appendix A",ECF 202-2
aeeca,AEECA,"Assistance for Europe, Eurasia and Central Asia",72-0306 + 19-72-0306,2022/2023,19,5.57,"Declaration of Joseph Carlile, Appendix A",ECF 202-2
aeeca,AEECA,"Assistance for Europe, Eurasia and Central Asia",72-0306 + 19-72-0306,2022/2023,20,11.01,"Declaration of Joseph Carlile, Appendix A",ECF 202-2
aeeca,AEECA,"Assistance for Europe, Eurasia and Central Asia",72-0306 + 19-72-0306,2022/2023,21,18.37,"Declaration of Joseph Carlile, Appendix A",ECF 202-2
aeeca,AEECA,"Assistance for Europe, Eurasia and Central Asia",72-0306 + 19-72-0306,2022/2023,22,41.06,"Declaration of Joseph Carlile, Appendix A",ECF 202-2
aeeca,AEECA,"Assistance for Europe, Eurasia and Central Asia",72-0306 + 19-72-0306,2022/2023,23,49.59,"Declaration of Joseph Carlile, Appendix A",ECF 202-2
aeeca,AEECA,"Assistance for Europe, Eurasia and Central Asia",72-0306 + 19-72-0306,2022/2023,24,99.01,"Declaration of Joseph Carlile, Appendix A",ECF 202-2
aeeca,AEECA,"Assistance for Europe, Eurasia and Central Asia",72-0306 + 19-72-0306,2023/2024,1,0,"Declaration of Joseph Carlile, Appendix A",ECF 202-2
aeeca,AEECA,"Assistance for Europe, Eurasia and Central Asia",72-0306 + 19-72-0306,2023/2024,2,0,"Declaration of Joseph Carlile, Appendix A",ECF 202-2
aeeca,AEECA,"Assistance for Europe, Eurasia and Central Asia",72-0306 + 19-72-0306,2023/2024,3,0,"Declaration of Joseph Carlile, Appendix A",ECF 202-2
aeeca,AEECA,"Assistance for Europe, Eurasia and Central Asia",72-0306 + 19-72-0306,2023/2024,4,0,"Declaration of Joseph Carlile, Appendix A",ECF 202-2
aeeca,AEECA,"Assistance for Europe, Eurasia and Central Asia",72-0306 + 19-72-0306,2023/2024,5,0,"Declaration of Joseph Carlile, Appendix A",ECF 202-2
aeeca,AEECA,"Assistance for Europe, Eurasia and Central Asia",72-0306 + 19-72-0306,2023/2024,6,0,"Declaration of Joseph Carlile, Appendix A",ECF 202-2
aeeca,AEECA,"Assistance for Europe, Eurasia and Central Asia",72-0306 + 19-72-0306,2023/2024,7,0,"Declaration of Joseph Carlile, Appendix A",ECF 202-2
aeeca,AEECA,"Assistance for Europe, Eurasia and Central Asia",72-0306 + 19-72-0306,2023/2024,8,0,"Declaration of Joseph Carlile, Appendix A",ECF 202-2
aeeca,AEECA,"Assistance for Europe, Eurasia and Central Asia",72-0306 + 19-72-0306,2023/2024,9,0,"Declaration of Joseph Carlile, Appendix A",ECF 202-2
aeeca,AEECA,"Assistance for Europe, Eurasia and Central Asia",72-0306 + 19-72-0306,2023/2024,10,7.44,"Declaration of Joseph Carlile, Appendix A",ECF 202-2
aeeca,AEECA,"Assistance for Europe, Eurasia and Central Asia",72-0306 + 19-72-0306,2023/2024,11,16.26,"Declaration of Joseph Carlile, Appendix A",ECF 202-2
aeeca,AEECA,"Assistance for Europe, Eurasia and Central Asia",72-0306 + 19-72-0306,2023/2024,12,17.46,"Declaration of Joseph Carlile, Appendix A",ECF 202-2
aeeca,AEECA,"Assistance for Europe, Eurasia and Central Asia",72-0306 + 19-72-0306,2023/2024,13,17.46,"Declaration of Joseph Carlile, Appendix A",ECF 202-2
aeeca,AEECA,"Assistance for Europe, Eurasia and Central Asia",72-0306 + 19-72-0306,2023/2024,14,19.39,"Declaration of Joseph Carlile, Appendix A",ECF 202-2
aeeca,AEECA,"Assistance for Europe, Eurasia and Central Asia",72-0306 + 19-72-0306,2023/2024,15,21.34,"Declaration of Joseph Carlile, Appendix A",ECF 202-2
aeeca,AEECA,"Assistance for Europe, Eurasia and Central Asia",72-0306 + 19-72-0306,2023/2024,16,22.07,"Declaration of Joseph Carlile, Appendix A",ECF 202-2
aeeca,AEECA,"Assistance for Europe, Eurasia and Central Asia",72-0306 + 19-72-0306,2023/2024,17,22.47,"Declaration of Joseph Carlile, Appendix A",ECF 202-2
aeeca,AEECA,"Assistance for Europe, Eurasia and Central Asia",72-0306 + 19-72-0306,2023/2024,18,23.57,"Declaration of Joseph Carlile, Appendix A",ECF 202-2
aeeca,AEECA,"Assistance for Europe, Eurasia and Central Asia",72-0306 + 19-72-0306,2023/2024,19,24.74,"Declaration of Joseph Carlile, Appendix A",ECF 202-2
aeeca,AEECA,"Assistance for Europe, Eurasia and Central Asia",72-0306 + 19-72-0306,2023/2024,20,26.43,"Declaration of Joseph Carlile, Appendix A",ECF 202-2
aeeca,AEECA,"Assistance for Europe, Eurasia and Central Asia",72-0306 + 19-72-0306,2023/2024,21,30.94,"Declaration of Joseph Carlile, Appendix A",ECF 202-2
aeeca,AEECA,"Assistance for Europe, Eurasia and Central Asia",72-0306 + 19-72-0306,2023/2024,22,36.63,"Declaration of Joseph Carlile, Appendix A",ECF 202-2
aeeca,AEECA,"Assistance for Europe, Eurasia and Central Asia",72-0306 + 19-72-0306,2023/2024,23,54.87,"Declaration of Joseph Carlile, Appendix A",ECF 202-2
aeeca,AEECA,"Assistance for Europe, Eurasia and Central Asia",72-0306 + 19-72-0306,2023/2024,24,99.87,"Declaration of Joseph Carlile, Appendix A",ECF 202-2
aeeca,AEECA,"Assistance for Europe, Eurasia and Central Asia",72-0306 + 19-72-0306,2024/2025,1,0,"Declaration of Joseph Carlile, Appendix A",ECF 202-2
aeeca,AEECA,"Assistance for Europe, Eurasia and Central Asia",72-0306 + 19-72-0306,2024/2025,2,0,"Declaration of Joseph Carlile, Appendix A",ECF 202-2
aeeca,AEECA,"Assistance for Europe, Eurasia and Central Asia",72-0306 + 19-72-0306,2024/2025,3,0,"Declaration of Joseph Carlile, Appendix A",ECF 202-2
aeeca,AEECA,"Assistance for Europe, Eurasia and Central Asia",72-0306 + 19-72-0306,2024/2025,4,0,"Declaration of Joseph Carlile, Appendix A",ECF 202-2
aeeca,AEECA,"Assistance for Europe, Eurasia and Central Asia",72-0306 + 19-72-0306,2024/2025,5,0,"Declaration of Joseph Carlile, Appendix A",ECF 202-2
aeeca,AEECA,"Assistance for Europe, Eurasia and Central Asia",72-0306 + 19-72-0306,2024/2025,6,0,"Declaration of Joseph Carlile, Appendix A",ECF 202-2
aeeca,AEECA,"Assistance for Europe, Eurasia and Central Asia",72-0306 + 19-72-0306,2024/2025,7,0,"Declaration of Joseph Carlile, Appendix A",ECF 202-2
aeeca,AEECA,"Assistance for Europe, Eurasia and Central Asia",72-0306 + 19-72-0306,2024/2025,8,0,"Declaration of Joseph Carlile, Appendix A",ECF 202-2
aeeca,AEECA,"Assistance for Europe, Eurasia and Central Asia",72-0306 + 19-72-0306,2024/2025,9,0,"Declaration of Joseph Carlile, Appendix A",ECF 202-2
aeeca,AEECA,"Assistance for Europe, Eurasia and Central Asia",72-0306 + 19-72-0306,2024/2025,10,0,"Declaration of Joseph Carlile, Appendix A",ECF 202-2
aeeca,AEECA,"Assistance for Europe, Eurasia and Central Asia",72-0306 + 19-72-0306,2024/2025,11,0,"Declaration of Joseph Carlile, Appendix A",ECF 202-2
aeeca,AEECA,"Assistance for Europe, Eurasia and Central Asia",72-0306 + 19-72-0306,2024/2025,12,14.92,"Declaration of Joseph Carlile, Appendix A",ECF 202-2
aeeca,AEECA,"Assistance for Europe, Eurasia and Central Asia",72-0306 + 19-72-0306,2024/2025,13,14.92,"Declaration of Joseph Carlile, Appendix A",ECF 202-2
aeeca,AEECA,"Assistance for Europe, Eurasia and Central Asia",72-0306 + 19-72-0306,2024/2025,14,18.12,"Declaration of Joseph Carlile, Appendix A",ECF 202-2
aeeca,AEECA,"Assistance for Europe, Eurasia and Central Asia",72-0306 + 19-72-0306,2024/2025,15,23.86,"Declaration of Joseph Carlile, Appendix A",ECF 202-2
aeeca,AEECA,"Assistance for Europe, Eurasia and Central Asia",72-0306 + 19-72-0306,2024/2025,16,58.48,"Declaration of Joseph Carlile, Appendix A",ECF 202-2
aeeca,AEECA,"Assistance for Europe, Eurasia and Central Asia",72-0306 + 19-72-0306,2024/2025,17,58.48,"Declaration of Joseph Carlile, Appendix A",ECF 202-2
aeeca,AEECA,"Assistance for Europe, Eurasia and Central Asia",72-0306 + 19-72-0306,2024/2025,18,58.49,"Declaration of Joseph Carlile, Appendix A",ECF 202-2
aeeca,AEECA,"Assistance for Europe, Eurasia and Central Asia",72-0306 + 19-72-0306,2024/2025,19,63.59,"Declaration of Joseph Carlile, Appendix A",ECF 202-2
aeeca,AEECA,"Assistance for Europe, Eurasia and Central Asia",72-0306 + 19-72-0306,2024/2025,20,63.59,"Declaration of Joseph Carlile, Appendix A",ECF 202-2
aeeca,AEECA,"Assistance for Europe, Eurasia and Central Asia",72-0306 + 19-72-0306,2024/2025,21,64.48,"Declaration of Joseph Carlile, Appendix A",ECF 202-2
aeeca,AEECA,"Assistance for Europe, Eurasia and Central Asia",72-0306 + 19-72-0306,2024/2025,22,64.75,"Declaration of Joseph Carlile, Appendix A",ECF 202-2
aeeca,AEECA,"Assistance for Europe, Eurasia and Central Asia",72-0306 + 19-72-0306,2024/2025,23,65.22,"Declaration of Joseph Carlile, Appendix A",ECF 202-2
aeeca,AEECA,"Assistance for Europe, Eurasia and Central Asia",72-0306 + 19-72-0306,2024/2025,24,94.18,"Declaration of Joseph Carlile, Appendix A",ECF 202-2
aeeca,AEECA,"Assistance for Europe, Eurasia and Central Asia",72-0306 + 19-72-0306,2025/2026,1,0,"Declaration of Joseph Carlile, Appendix A",ECF 202-2
aeeca,AEECA,"Assistance for Europe, Eurasia and Central Asia",72-0306 + 19-72-0306,2025/2026,2,0,"Declaration of Joseph Carlile, Appendix A",ECF 202-2
aeeca,AEECA,"Assistance for Europe, Eurasia and Central Asia",72-0306 + 19-72-0306,2025/2026,3,0,"Declaration of Joseph Carlile, Appendix A",ECF 202-2
aeeca,AEECA,"Assistance for Europe, Eurasia and Central Asia",72-0306 + 19-72-0306,2025/2026,4,0,"Declaration of Joseph Carlile, Appendix A",ECF 202-2
aeeca,AEECA,"Assistance for Europe, Eurasia and Central Asia",72-0306 + 19-72-0306,2025/2026,5,0,"Declaration of Joseph Carlile, Appendix A",ECF 202-2
aeeca,AEECA,"Assistance for Europe, Eurasia and Central Asia",72-0306 + 19-72-0306,2025/2026,6,0,"Declaration of Joseph Carlile, Appendix A",ECF 202-2
aeeca,AEECA,"Assistance for Europe, Eurasia and Central Asia",72-0306 + 19-72-0306,2025/2026,7,0,"Declaration of Joseph Carlile, Appendix A",ECF 202-2
aeeca,AEECA,"Assistance for Europe, Eurasia and Central Asia",72-0306 + 19-72-0306,2025/2026,8,0,"Declaration of Joseph Carlile, Appendix A",ECF 202-2
aeeca,AEECA,"Assistance for Europe, Eurasia and Central Asia",72-0306 + 19-72-0306,2025/2026,9,0,"Declaration of Joseph Carlile, Appendix A",ECF 202-2
aeeca,AEECA,"Assistance for Europe, Eurasia and Central Asia",72-0306 + 19-72-0306,2025/2026,10,0,"Declaration of Joseph Carlile, Appendix A",ECF 202-2
aeeca,AEECA,"Assistance for Europe, Eurasia and Central Asia",72-0306 + 19-72-0306,2025/2026,11,0,"Declaration of Joseph Carlile, Appendix A",ECF 202-2
aeeca,AEECA,"Assistance for Europe, Eurasia and Central Asia",72-0306 + 19-72-0306,2025/2026,12,0,"Declaration of Joseph Carlile, Appendix A",ECF 202-2
aeeca,AEECA,"Assistance for Europe, Eurasia and Central Asia",72-0306 + 19-72-0306,2025/2026,13,0,"Declaration of Joseph Carlile, Appendix A",ECF 202-2
aeeca,AEECA,"Assistance for Europe, Eurasia and Central Asia",72-0306 + 19-72-0306,2025/2026,14,0,"Declaration of Joseph Carlile, Appendix A",ECF 202-2
aeeca,AEECA,"Assistance for Europe, Eurasia and Central Asia",72-0306 + 19-72-0306,2025/2026,15,0,"Declaration of Joseph Carlile, Appendix A",ECF 202-2
aeeca,AEECA,"Assistance for Europe, Eurasia and Central Asia",72-0306 + 19-72-0306,2025/2026,16,0,"Declaration of Joseph Carlile, Appendix A",ECF 202-2
aeeca,AEECA,"Assistance for Europe, Eurasia and Central Asia",72-0306 + 19-72-0306,2025/2026,17,0,"Declaration of Joseph Carlile, Appendix A",ECF 202-2
aeeca,AEECA,"Assistance for Europe, Eurasia and Central Asia",72-0306 + 19-72-0306,2025/2026,18,0,"Declaration of Joseph Carlile, Appendix A",ECF 202-2
aeeca,AEECA,"Assistance for Europe, Eurasia and Central Asia",72-0306 + 19-72-0306,2025/2026,19,0,"Declaration of Joseph Carlile, Appendix A",ECF 202-2
aeeca,AEECA,"Assistance for Europe, Eurasia and Central Asia",72-0306 + 19-72-0306,2025/2026,20,0,"Declaration of Joseph Carlile, Appendix A",ECF 202-2
aeeca,AEECA,"Assistance for Europe, Eurasia and Central Asia",72-0306 + 19-72-0306,2025/2026,21,0,"Declaration of Joseph Carlile, Appendix A",ECF 202-2
incle,INCLE,International Narcotics Control and Law Enforcement,11-1022 + 19-11-1022,2020/2021,1,0,"Declaration of Joseph Carlile, Appendix A",ECF 202-2
incle,INCLE,International Narcotics Control and Law Enforcement,11-1022 + 19-11-1022,2020/2021,2,1.39,"Declaration of Joseph Carlile, Appendix A",ECF 202-2
incle,INCLE,International Narcotics Control and Law Enforcement,11-1022 + 19-11-1022,2020/2021,3,1.98,"Declaration of Joseph Carlile, Appendix A",ECF 202-2
incle,INCLE,International Narcotics Control and Law Enforcement,11-1022 + 19-11-1022,2020/2021,4,2.78,"Declaration of Joseph Carlile, Appendix A",ECF 202-2
incle,INCLE,International Narcotics Control and Law Enforcement,11-1022 + 19-11-1022,2020/2021,5,3.69,"Declaration of Joseph Carlile, Appendix A",ECF 202-2
incle,INCLE,International Narcotics Control and Law Enforcement,11-1022 + 19-11-1022,2020/2021,6,4.8,"Declaration of Joseph Carlile, Appendix A",ECF 202-2
incle,INCLE,International Narcotics Control and Law Enforcement,11-1022 + 19-11-1022,2020/2021,7,5.21,"Declaration of Joseph Carlile, Appendix A",ECF 202-2
incle,INCLE,International Narcotics Control and Law Enforcement,11-1022 + 19-11-1022,2020/2021,8,5.9,"Declaration of Joseph Carlile, Appendix A",ECF 202-2
incle,INCLE,International Narcotics Control and Law Enforcement,11-1022 + 19-11-1022,2020/2021,9,6.31,"Declaration of Joseph Carlile, Appendix A",ECF 202-2
incle,INCLE,International Narcotics Control and Law Enforcement,11-1022 + 19-11-1022,2020/2021,10,6.99,"Declaration of Joseph Carlile, Appendix A",ECF 202-2
incle,INCLE,International Narcotics Control and Law Enforcement,11-1022 + 19-11-1022,2020/2021,11,7.63,"Declaration of Joseph Carlile, Appendix A",ECF 202-2
incle,INCLE,International Narcotics Control and Law Enforcement,11-1022 + 19-11-1022,2020/2021,12,8.43,"Declaration of Joseph Carlile, Appendix A",ECF 202-2
incle,INCLE,International Narcotics Control and Law Enforcement,11-1022 + 19-11-1022,2020/2021,13,8.43,"Declaration of Joseph Carlile, Appendix A",ECF 202-2
incle,INCLE,International Narcotics Control and Law Enforcement,11-1022 + 19-11-1022,2020/2021,14,9.85,"Declaration of Joseph Carlile, Appendix A",ECF 202-2
incle,INCLE,International Narcotics Control and Law Enforcement,11-1022 + 19-11-1022,2020/2021,15,12.05,"Declaration of Joseph Carlile, Appendix A",ECF 202-2
incle,INCLE,International Narcotics Control and Law Enforcement,11-1022 + 19-11-1022,2020/2021,16,12.56,"Declaration of Joseph Carlile, Appendix A",ECF 202-2
incle,INCLE,International Narcotics Control and Law Enforcement,11-1022 + 19-11-1022,2020/2021,17,15.31,"Declaration of Joseph Carlile, Appendix A",ECF 202-2
incle,INCLE,International Narcotics Control and Law Enforcement,11-1022 + 19-11-1022,2020/2021,18,16.64,"Declaration of Joseph Carlile, Appendix A",ECF 202-2
incle,INCLE,International Narcotics Control and Law Enforcement,11-1022 + 19-11-1022,2020/2021,19,18.15,"Declaration of Joseph Carlile, Appendix A",ECF 202-2
incle,INCLE,International Narcotics Control and Law Enforcement,11-1022 + 19-11-1022,2020/2021,20,28.14,"Declaration of Joseph Carlile, Appendix A",ECF 202-2
incle,INCLE,International Narcotics Control and Law Enforcement,11-1022 + 19-11-1022,2020/2021,21,38.02,"Declaration of Joseph Carlile, Appendix A",ECF 202-2
incle,INCLE,International Narcotics Control and Law Enforcement,11-1022 + 19-11-1022,2020/2021,22,43.74,"Declaration of Joseph Carlile, Appendix A",ECF 202-2
incle,INCLE,International Narcotics Control and Law Enforcement,11-1022 + 19-11-1022,2020/2021,23,53.3,"Declaration of Joseph Carlile, Appendix A",ECF 202-2
incle,INCLE,International Narcotics Control and Law Enforcement,11-1022 + 19-11-1022,2020/2021,24,97.2,"Declaration of Joseph Carlile, Appendix A",ECF 202-2
incle,INCLE,International Narcotics Control and Law Enforcement,11-1022 + 19-11-1022,2021/2022,1,0,"Declaration of Joseph Carlile, Appendix A",ECF 202-2
incle,INCLE,International Narcotics Control and Law Enforcement,11-1022 + 19-11-1022,2021/2022,2,1.04,"Declaration of Joseph Carlile, Appendix A",ECF 202-2
incle,INCLE,International Narcotics Control and Law Enforcement,11-1022 + 19-11-1022,2021/2022,3,1.81,"Declaration of Joseph Carlile, Appendix A",ECF 202-2
incle,INCLE,International Narcotics Control and Law Enforcement,11-1022 + 19-11-1022,2021/2022,4,2.44,"Declaration of Joseph Carlile, Appendix A",ECF 202-2
incle,INCLE,International Narcotics Control and Law Enforcement,11-1022 + 19-11-1022,2021/2022,5,3.02,"Declaration of Joseph Carlile, Appendix A",ECF 202-2
incle,INCLE,International Narcotics Control and Law Enforcement,11-1022 + 19-11-1022,2021/2022,6,4.07,"Declaration of Joseph Carlile, Appendix A",ECF 202-2
incle,INCLE,International Narcotics Control and Law Enforcement,11-1022 + 19-11-1022,2021/2022,7,5.12,"Declaration of Joseph Carlile, Appendix A",ECF 202-2
incle,INCLE,International Narcotics Control and Law Enforcement,11-1022 + 19-11-1022,2021/2022,8,5.81,"Declaration of Joseph Carlile, Appendix A",ECF 202-2
incle,INCLE,International Narcotics Control and Law Enforcement,11-1022 + 19-11-1022,2021/2022,9,6.4,"Declaration of Joseph Carlile, Appendix A",ECF 202-2
incle,INCLE,International Narcotics Control and Law Enforcement,11-1022 + 19-11-1022,2021/2022,10,7.26,"Declaration of Joseph Carlile, Appendix A",ECF 202-2
incle,INCLE,International Narcotics Control and Law Enforcement,11-1022 + 19-11-1022,2021/2022,11,7.71,"Declaration of Joseph Carlile, Appendix A",ECF 202-2
incle,INCLE,International Narcotics Control and Law Enforcement,11-1022 + 19-11-1022,2021/2022,12,9.11,"Declaration of Joseph Carlile, Appendix A",ECF 202-2
incle,INCLE,International Narcotics Control and Law Enforcement,11-1022 + 19-11-1022,2021/2022,13,9.11,"Declaration of Joseph Carlile, Appendix A",ECF 202-2
incle,INCLE,International Narcotics Control and Law Enforcement,11-1022 + 19-11-1022,2021/2022,14,9.59,"Declaration of Joseph Carlile, Appendix A",ECF 202-2
incle,INCLE,International Narcotics Control and Law Enforcement,11-1022 + 19-11-1022,2021/2022,15,10.87,"Declaration of Joseph Carlile, Appendix A",ECF 202-2
incle,INCLE,International Narcotics Control and Law Enforcement,11-1022 + 19-11-1022,2021/2022,16,11.17,"Declaration of Joseph Carlile, Appendix A",ECF 202-2
incle,INCLE,International Narcotics Control and Law Enforcement,11-1022 + 19-11-1022,2021/2022,17,12.01,"Declaration of Joseph Carlile, Appendix A",ECF 202-2
incle,INCLE,International Narcotics Control and Law Enforcement,11-1022 + 19-11-1022,2021/2022,18,16.13,"Declaration of Joseph Carlile, Appendix A",ECF 202-2
incle,INCLE,International Narcotics Control and Law Enforcement,11-1022 + 19-11-1022,2021/2022,19,17.88,"Declaration of Joseph Carlile, Appendix A",ECF 202-2
incle,INCLE,International Narcotics Control and Law Enforcement,11-1022 + 19-11-1022,2021/2022,20,22.46,"Declaration of Joseph Carlile, Appendix A",ECF 202-2
incle,INCLE,International Narcotics Control and Law Enforcement,11-1022 + 19-11-1022,2021/2022,21,29.73,"Declaration of Joseph Carlile, Appendix A",ECF 202-2
incle,INCLE,International Narcotics Control and Law Enforcement,11-1022 + 19-11-1022,2021/2022,22,36.54,"Declaration of Joseph Carlile, Appendix A",ECF 202-2
incle,INCLE,International Narcotics Control and Law Enforcement,11-1022 + 19-11-1022,2021/2022,23,53.86,"Declaration of Joseph Carlile, Appendix A",ECF 202-2
incle,INCLE,International Narcotics Control and Law Enforcement,11-1022 + 19-11-1022,2021/2022,24,97.65,"Declaration of Joseph Carlile, Appendix A",ECF 202-2
incle,INCLE,International Narcotics Control and Law Enforcement,11-1022 + 19-11-1022,2022/2023,1,0,"Declaration of Joseph Carlile, Appendix A",ECF 202-2
incle,INCLE,International Narcotics Control and Law Enforcement,11-1022 + 19-11-1022,2022/2023,2,0.9,"Declaration of Joseph Carlile, Appendix A",ECF 202-2
incle,INCLE,International Narcotics Control and Law Enforcement,11-1022 + 19-11-1022,2022/2023,3,1.57,"Declaration of Joseph Carlile, Appendix A",ECF 202-2
incle,INCLE,International Narcotics Control and Law Enforcement,11-1022 + 19-11-1022,2022/2023,4,2.16,"Declaration of Joseph Carlile, Appendix A",ECF 202-2
incle,INCLE,International Narcotics Control and Law Enforcement,11-1022 + 19-11-1022,2022/2023,5,2.82,"Declaration of Joseph Carlile, Appendix A",ECF 202-2
incle,INCLE,International Narcotics Control and Law Enforcement,11-1022 + 19-11-1022,2022/2023,6,5.16,"Declaration of Joseph Carlile, Appendix A",ECF 202-2
incle,INCLE,International Narcotics Control and Law Enforcement,11-1022 + 19-11-1022,2022/2023,7,6.63,"Declaration of Joseph Carlile, Appendix A",ECF 202-2
incle,INCLE,International Narcotics Control and Law Enforcement,11-1022 + 19-11-1022,2022/2023,8,7.33,"Declaration of Joseph Carlile, Appendix A",ECF 202-2
incle,INCLE,International Narcotics Control and Law Enforcement,11-1022 + 19-11-1022,2022/2023,9,8.79,"Declaration of Joseph Carlile, Appendix A",ECF 202-2
incle,INCLE,International Narcotics Control and Law Enforcement,11-1022 + 19-11-1022,2022/2023,10,9.35,"Declaration of Joseph Carlile, Appendix A",ECF 202-2
incle,INCLE,International Narcotics Control and Law Enforcement,11-1022 + 19-11-1022,2022/2023,11,10.67,"Declaration of Joseph Carlile, Appendix A",ECF 202-2
incle,INCLE,International Narcotics Control and Law Enforcement,11-1022 + 19-11-1022,2022/2023,12,11.88,"Declaration of Joseph Carlile, Appendix A",ECF 202-2
incle,INCLE,International Narcotics Control and Law Enforcement,11-1022 + 19-11-1022,2022/2023,13,11.88,"Declaration of Joseph Carlile, Appendix A",ECF 202-2
incle,INCLE,International Narcotics Control and Law Enforcement,11-1022 + 19-11-1022,2022/2023,14,12.25,"Declaration of Joseph Carlile, Appendix A",ECF 202-2
incle,INCLE,International Narcotics Control and Law Enforcement,11-1022 + 19-11-1022,2022/2023,15,13.14,"Declaration of Joseph Carlile, Appendix A",ECF 202-2
incle,INCLE,International Narcotics Control and Law Enforcement,11-1022 + 19-11-1022,2022/2023,16,13.41,"Declaration of Joseph Carlile, Appendix A",ECF 202-2
incle,INCLE,International Narcotics Control and Law Enforcement,11-1022 + 19-11-1022,2022/2023,17,14.07,"Declaration of Joseph Carlile, Appendix A",ECF 202-2
incle,INCLE,International Narcotics Control and Law Enforcement,11-1022 + 19-11-1022,2022/2023,18,15.37,"Declaration of Joseph Carlile, Appendix A",ECF 202-2
incle,INCLE,International Narcotics Control and Law Enforcement,11-1022 + 19-11-1022,2022/2023,19,16.5,"Declaration of Joseph Carlile, Appendix A",ECF 202-2
incle,INCLE,International Narcotics Control and Law Enforcement,11-1022 + 19-11-1022,2022/2023,20,17.19,"Declaration of Joseph Carlile, Appendix A",ECF 202-2
incle,INCLE,International Narcotics Control and Law Enforcement,11-1022 + 19-11-1022,2022/2023,21,22.07,"Declaration of Joseph Carlile, Appendix A",ECF 202-2
incle,INCLE,International Narcotics Control and Law Enforcement,11-1022 + 19-11-1022,2022/2023,22,29.45,"Declaration of Joseph Carlile, Appendix A",ECF 202-2
incle,INCLE,International Narcotics Control and Law Enforcement,11-1022 + 19-11-1022,2022/2023,23,43.71,"Declaration of Joseph Carlile, Appendix A",ECF 202-2
incle,INCLE,International Narcotics Control and Law Enforcement,11-1022 + 19-11-1022,2022/2023,24,101.8,"Declaration of Joseph Carlile, Appendix A",ECF 202-2
incle,INCLE,International Narcotics Control and Law Enforcement,11-1022 + 19-11-1022,2023/2024,1,0,"Declaration of Joseph Carlile, Appendix A",ECF 202-2
incle,INCLE,International Narcotics Control and Law Enforcement,11-1022 + 19-11-1022,2023/2024,2,0.89,"Declaration of Joseph Carlile, Appendix A",ECF 202-2
incle,INCLE,International Narcotics Control and Law Enforcement,11-1022 + 19-11-1022,2023/2024,3,1.55,"Declaration of Joseph Carlile, Appendix A",ECF 202-2
incle,INCLE,International Narcotics Control and Law Enforcement,11-1022 + 19-11-1022,2023/2024,4,2.36,"Declaration of Joseph Carlile, Appendix A",ECF 202-2
incle,INCLE,International Narcotics Control and Law Enforcement,11-1022 + 19-11-1022,2023/2024,5,2.95,"Declaration of Joseph Carlile, Appendix A",ECF 202-2
incle,INCLE,International Narcotics Control and Law Enforcement,11-1022 + 19-11-1022,2023/2024,6,4.02,"Declaration of Joseph Carlile, Appendix A",ECF 202-2
incle,INCLE,International Narcotics Control and Law Enforcement,11-1022 + 19-11-1022,2023/2024,7,4.4,"Declaration of Joseph Carlile, Appendix A",ECF 202-2
incle,INCLE,International Narcotics Control and Law Enforcement,11-1022 + 19-11-1022,2023/2024,8,5.39,"Declaration of Joseph Carlile, Appendix A",ECF 202-2
incle,INCLE,International Narcotics Control and Law Enforcement,11-1022 + 19-11-1022,2023/2024,9,6.93,"Declaration of Joseph Carlile, Appendix A",ECF 202-2
incle,INCLE,International Narcotics Control and Law Enforcement,11-1022 + 19-11-1022,2023/2024,10,24.54,"Declaration of Joseph Carlile, Appendix A",ECF 202-2
incle,INCLE,International Narcotics Control and Law Enforcement,11-1022 + 19-11-1022,2023/2024,11,25.25,"Declaration of Joseph Carlile, Appendix A",ECF 202-2
incle,INCLE,International Narcotics Control and Law Enforcement,11-1022 + 19-11-1022,2023/2024,12,26.39,"Declaration of Joseph Carlile, Appendix A",ECF 202-2
incle,INCLE,International Narcotics Control and Law Enforcement,11-1022 + 19-11-1022,2023/2024,13,26.39,"Declaration of Joseph Carlile, Appendix A",ECF 202-2
incle,INCLE,International Narcotics Control and Law Enforcement,11-1022 + 19-11-1022,2023/2024,14,26.7,"Declaration of Joseph Carlile, Appendix A",ECF 202-2
incle,INCLE,International Narcotics Control and Law Enforcement,11-1022 + 19-11-1022,2023/2024,15,29.94,"Declaration of Joseph Carlile, Appendix A",ECF 202-2
incle,INCLE,International Narcotics Control and Law Enforcement,11-1022 + 19-11-1022,2023/2024,16,30.3,"Declaration of Joseph Carlile, Appendix A",ECF 202-2
incle,INCLE,International Narcotics Control and Law Enforcement,11-1022 + 19-11-1022,2023/2024,17,31.26,"Declaration of Joseph Carlile, Appendix A",ECF 202-2
incle,INCLE,International Narcotics Control and Law Enforcement,11-1022 + 19-11-1022,2023/2024,18,31.87,"Declaration of Joseph Carlile, Appendix A",ECF 202-2
incle,INCLE,International Narcotics Control and Law Enforcement,11-1022 + 19-11-1022,2023/2024,19,36.95,"Declaration of Joseph Carlile, Appendix A",ECF 202-2
incle,INCLE,International Narcotics Control and Law Enforcement,11-1022 + 19-11-1022,2023/2024,20,38.59,"Declaration of Joseph Carlile, Appendix A",ECF 202-2
incle,INCLE,International Narcotics Control and Law Enforcement,11-1022 + 19-11-1022,2023/2024,21,43.77,"Declaration of Joseph Carlile, Appendix A",ECF 202-2
incle,INCLE,International Narcotics Control and Law Enforcement,11-1022 + 19-11-1022,2023/2024,22,47.68,"Declaration of Joseph Carlile, Appendix A",ECF 202-2
incle,INCLE,International Narcotics Control and Law Enforcement,11-1022 + 19-11-1022,2023/2024,23,54.59,"Declaration of Joseph Carlile, Appendix A",ECF 202-2
incle,INCLE,International Narcotics Control and Law Enforcement,11-1022 + 19-11-1022,2023/2024,24,101.7,"Declaration of Joseph Carlile, Appendix A",ECF 202-2
incle,INCLE,International Narcotics Control and Law Enforcement,11-1022 + 19-11-1022,2024/2025,1,0,"Declaration of Joseph Carlile, Appendix A",ECF 202-2
incle,INCLE,International Narcotics Control and Law Enforcement,11-1022 + 19-11-1022,2024/2025,2,0.97,"Declaration of Joseph Carlile, Appendix A",ECF 202-2
incle,INCLE,International Narcotics Control and Law Enforcement,11-1022 + 19-11-1022,2024/2025,3,1.66,"Declaration of Joseph Carlile, Appendix A",ECF 202-2
incle,INCLE,International Narcotics Control and Law Enforcement,11-1022 + 19-11-1022,2024/2025,4,2.27,"Declaration of Joseph Carlile, Appendix A",ECF 202-2
incle,INCLE,International Narcotics Control and Law Enforcement,11-1022 + 19-11-1022,2024/2025,5,3.17,"Declaration of Joseph Carlile, Appendix A",ECF 202-2
incle,INCLE,International Narcotics Control and Law Enforcement,11-1022 + 19-11-1022,2024/2025,6,3.99,"Declaration of Joseph Carlile, Appendix A",ECF 202-2
incle,INCLE,International Narcotics Control and Law Enforcement,11-1022 + 19-11-1022,2024/2025,7,5.11,"Declaration of Joseph Carlile, Appendix A",ECF 202-2
incle,INCLE,International Narcotics Control and Law Enforcement,11-1022 + 19-11-1022,2024/2025,8,5.96,"Declaration of Joseph Carlile, Appendix A",ECF 202-2
incle,INCLE,International Narcotics Control and Law Enforcement,11-1022 + 19-11-1022,2024/2025,9,6.91,"Declaration of Joseph Carlile, Appendix A",ECF 202-2
incle,INCLE,International Narcotics Control and Law Enforcement,11-1022 + 19-11-1022,2024/2025,10,8.15,"Declaration of Joseph Carlile, Appendix A",ECF 202-2
incle,INCLE,International Narcotics Control and Law Enforcement,11-1022 + 19-11-1022,2024/2025,11,8.98,"Declaration of Joseph Carlile, Appendix A",ECF 202-2
incle,INCLE,International Narcotics Control and Law Enforcement,11-1022 + 19-11-1022,2024/2025,12,27.31,"Declaration of Joseph Carlile, Appendix A",ECF 202-2
incle,INCLE,International Narcotics Control and Law Enforcement,11-1022 + 19-11-1022,2024/2025,13,27.31,"Declaration of Joseph Carlile, Appendix A",ECF 202-2
incle,INCLE,International Narcotics Control and Law Enforcement,11-1022 + 19-11-1022,2024/2025,14,27.71,"Declaration of Joseph Carlile, Appendix A",ECF 202-2
incle,INCLE,International Narcotics Control and Law Enforcement,11-1022 + 19-11-1022,2024/2025,15,28.1,"Declaration of Joseph Carlile, Appendix A",ECF 202-2
incle,INCLE,International Narcotics Control and Law Enforcement,11-1022 + 19-11-1022,2024/2025,16,28.1,"Declaration of Joseph Carlile, Appendix A",ECF 202-2
incle,INCLE,International Narcotics Control and Law Enforcement,11-1022 + 19-11-1022,2024/2025,17,28.1,"Declaration of Joseph Carlile, Appendix A",ECF 202-2
incle,INCLE,International Narcotics Control and Law Enforcement,11-1022 + 19-11-1022,2024/2025,18,28.1,"Declaration of Joseph Carlile, Appendix A",ECF 202-2
incle,INCLE,International Narcotics Control and Law Enforcement,11-1022 + 19-11-1022,2024/2025,19,34.19,"Declaration of Joseph Carlile, Appendix A",ECF 202-2
incle,INCLE,International Narcotics Control and Law Enforcement,11-1022 + 19-11-1022,2024/2025,20,34.19,"Declaration of Joseph Carlile, Appendix A",ECF 202-2
incle,INCLE,International Narcotics Control and Law Enforcement,11-1022 + 19-11-1022,2024/2025,21,37.86,"Declaration of Joseph Carlile, Appendix A",ECF 202-2
incle,INCLE,International Narcotics Control and Law Enforcement,11-1022 + 19-11-1022,2024/2025,22,38.5,"Declaration of Joseph Carlile, Appendix A",ECF 202-2
incle,INCLE,International Narcotics Control and Law Enforcement,11-1022 + 19-11-1022,2024/2025,23,38.67,"Declaration of Joseph Carlile, Appendix A",ECF 202-2
incle,INCLE,International Narcotics Control and Law Enforcement,11-1022 + 19-11-1022,2024/2025,24,98.62,"Declaration of Joseph Carlile, Appendix A",ECF 202-2
incle,INCLE,International Narcotics Control and Law Enforcement,11-1022 + 19-11-1022,2025/2026,1,0,"Declaration of Joseph Carlile, Appendix A",ECF 202-2
incle,INCLE,International Narcotics Control and Law Enforcement,11-1022 + 19-11-1022,2025/2026,2,1.56,"Declaration of Joseph Carlile, Appendix A",ECF 202-2
incle,INCLE,International Narcotics Control and Law Enforcement,11-1022 + 19-11-1022,2025/2026,3,2.63,"Declaration of Joseph Carlile, Appendix A",ECF 202-2
incle,INCLE,International Narcotics Control and Law Enforcement,11-1022 + 19-11-1022,2025/2026,4,2.63,"Declaration of Joseph Carlile, Appendix A",ECF 202-2
incle,INCLE,International Narcotics Control and Law Enforcement,11-1022 + 19-11-1022,2025/2026,5,2.63,"Declaration of Joseph Carlile, Appendix A",ECF 202-2
incle,INCLE,International Narcotics Control and Law Enforcement,11-1022 + 19-11-1022,2025/2026,6,2.63,"Declaration of Joseph Carlile, Appendix A",ECF 202-2
incle,INCLE,International Narcotics Control and Law Enforcement,11-1022 + 19-11-1022,2025/2026,7,6.87,"Declaration of Joseph Carlile, Appendix A",ECF 202-2
incle,INCLE,International Narcotics Control and Law Enforcement,11-1022 + 19-11-1022,2025/2026,8,6.87,"Declaration of Joseph Carlile, Appendix A",ECF 202-2
incle,INCLE,International Narcotics Control and Law Enforcement,11-1022 + 19-11-1022,2025/2026,9,9.96,"Declaration of Joseph Carlile, Appendix A",ECF 202-2
incle,INCLE,International Narcotics Control and Law Enforcement,11-1022 + 19-11-1022,2025/2026,10,10.52,"Declaration of Joseph Carlile, Appendix A",ECF 202-2
incle,INCLE,International Narcotics Control and Law Enforcement,11-1022 + 19-11-1022,2025/2026,11,12.07,"Declaration of Joseph Carlile, Appendix A",ECF 202-2
incle,INCLE,International Narcotics Control and Law Enforcement,11-1022 + 19-11-1022,2025/2026,12,13.55,"Declaration of Joseph Carlile, Appendix A",ECF 202-2
incle,INCLE,International Narcotics Control and Law Enforcement,11-1022 + 19-11-1022,2025/2026,13,13.55,"Declaration of Joseph Carlile, Appendix A",ECF 202-2
incle,INCLE,International Narcotics Control and Law Enforcement,11-1022 + 19-11-1022,2025/2026,14,14.84,"Declaration of Joseph Carlile, Appendix A",ECF 202-2
incle,INCLE,International Narcotics Control and Law Enforcement,11-1022 + 19-11-1022,2025/2026,15,15.72,"Declaration of Joseph Carlile, Appendix A",ECF 202-2
incle,INCLE,International Narcotics Control and Law Enforcement,11-1022 + 19-11-1022,2025/2026,16,16.44,"Declaration of Joseph Carlile, Appendix A",ECF 202-2
incle,INCLE,International Narcotics Control and Law Enforcement,11-1022 + 19-11-1022,2025/2026,17,17.24,"Declaration of Joseph Carlile, Appendix A",ECF 202-2
incle,INCLE,International Narcotics Control and Law Enforcement,11-1022 + 19-11-1022,2025/2026,18,17.24,"Declaration of Joseph Carlile, Appendix A",ECF 202-2
incle,INCLE,International Narcotics Control and Law Enforcement,11-1022 + 19-11-1022,2025/2026,19,17.4,"Declaration of Joseph Carlile, Appendix A",ECF 202-2
incle,INCLE,International Narcotics Control and Law Enforcement,11-1022 + 19-11-1022,2025/2026,20,19.83,"Declaration of Joseph Carlile, Appendix A",ECF 202-2
incle,INCLE,International Narcotics Control and Law Enforcement,11-1022 + 19-11-1022,2025/2026,21,21.27,"Declaration of Joseph Carlile, Appendix A",ECF 202-2
nadr,NADR,"Nonproliferation, Anti-terrorism, Demining, and Related Programs",11-1075 + 19-11-1075,2020/2021,1,0,"Declaration of Joseph Carlile, Appendix A",ECF 202-2
nadr,NADR,"Nonproliferation, Anti-terrorism, Demining, and Related Programs",11-1075 + 19-11-1075,2020/2021,2,0,"Declaration of Joseph Carlile, Appendix A",ECF 202-2
nadr,NADR,"Nonproliferation, Anti-terrorism, Demining, and Related Programs",11-1075 + 19-11-1075,2020/2021,3,0.11,"Declaration of Joseph Carlile, Appendix A",ECF 202-2
nadr,NADR,"Nonproliferation, Anti-terrorism, Demining, and Related Programs",11-1075 + 19-11-1075,2020/2021,4,0.22,"Declaration of Joseph Carlile, Appendix A",ECF 202-2
nadr,NADR,"Nonproliferation, Anti-terrorism, Demining, and Related Programs",11-1075 + 19-11-1075,2020/2021,5,0.22,"Declaration of Joseph Carlile, Appendix A",ECF 202-2
nadr,NADR,"Nonproliferation, Anti-terrorism, Demining, and Related Programs",11-1075 + 19-11-1075,2020/2021,6,0.5,"Declaration of Joseph Carlile, Appendix A",ECF 202-2
nadr,NADR,"Nonproliferation, Anti-terrorism, Demining, and Related Programs",11-1075 + 19-11-1075,2020/2021,7,0.82,"Declaration of Joseph Carlile, Appendix A",ECF 202-2
nadr,NADR,"Nonproliferation, Anti-terrorism, Demining, and Related Programs",11-1075 + 19-11-1075,2020/2021,8,0.82,"Declaration of Joseph Carlile, Appendix A",ECF 202-2
nadr,NADR,"Nonproliferation, Anti-terrorism, Demining, and Related Programs",11-1075 + 19-11-1075,2020/2021,9,8.47,"Declaration of Joseph Carlile, Appendix A",ECF 202-2
nadr,NADR,"Nonproliferation, Anti-terrorism, Demining, and Related Programs",11-1075 + 19-11-1075,2020/2021,10,10.43,"Declaration of Joseph Carlile, Appendix A",ECF 202-2
nadr,NADR,"Nonproliferation, Anti-terrorism, Demining, and Related Programs",11-1075 + 19-11-1075,2020/2021,11,15.62,"Declaration of Joseph Carlile, Appendix A",ECF 202-2
nadr,NADR,"Nonproliferation, Anti-terrorism, Demining, and Related Programs",11-1075 + 19-11-1075,2020/2021,12,18.99,"Declaration of Joseph Carlile, Appendix A",ECF 202-2
nadr,NADR,"Nonproliferation, Anti-terrorism, Demining, and Related Programs",11-1075 + 19-11-1075,2020/2021,13,18.99,"Declaration of Joseph Carlile, Appendix A",ECF 202-2
nadr,NADR,"Nonproliferation, Anti-terrorism, Demining, and Related Programs",11-1075 + 19-11-1075,2020/2021,14,20.81,"Declaration of Joseph Carlile, Appendix A",ECF 202-2
nadr,NADR,"Nonproliferation, Anti-terrorism, Demining, and Related Programs",11-1075 + 19-11-1075,2020/2021,15,28.72,"Declaration of Joseph Carlile, Appendix A",ECF 202-2
nadr,NADR,"Nonproliferation, Anti-terrorism, Demining, and Related Programs",11-1075 + 19-11-1075,2020/2021,16,30.32,"Declaration of Joseph Carlile, Appendix A",ECF 202-2
nadr,NADR,"Nonproliferation, Anti-terrorism, Demining, and Related Programs",11-1075 + 19-11-1075,2020/2021,17,31.53,"Declaration of Joseph Carlile, Appendix A",ECF 202-2
nadr,NADR,"Nonproliferation, Anti-terrorism, Demining, and Related Programs",11-1075 + 19-11-1075,2020/2021,18,35.02,"Declaration of Joseph Carlile, Appendix A",ECF 202-2
nadr,NADR,"Nonproliferation, Anti-terrorism, Demining, and Related Programs",11-1075 + 19-11-1075,2020/2021,19,39.28,"Declaration of Joseph Carlile, Appendix A",ECF 202-2
nadr,NADR,"Nonproliferation, Anti-terrorism, Demining, and Related Programs",11-1075 + 19-11-1075,2020/2021,20,41.39,"Declaration of Joseph Carlile, Appendix A",ECF 202-2
nadr,NADR,"Nonproliferation, Anti-terrorism, Demining, and Related Programs",11-1075 + 19-11-1075,2020/2021,21,48.18,"Declaration of Joseph Carlile, Appendix A",ECF 202-2
nadr,NADR,"Nonproliferation, Anti-terrorism, Demining, and Related Programs",11-1075 + 19-11-1075,2020/2021,22,53.39,"Declaration of Joseph Carlile, Appendix A",ECF 202-2
nadr,NADR,"Nonproliferation, Anti-terrorism, Demining, and Related Programs",11-1075 + 19-11-1075,2020/2021,23,60.1,"Declaration of Joseph Carlile, Appendix A",ECF 202-2
nadr,NADR,"Nonproliferation, Anti-terrorism, Demining, and Related Programs",11-1075 + 19-11-1075,2020/2021,24,96.09,"Declaration of Joseph Carlile, Appendix A",ECF 202-2
nadr,NADR,"Nonproliferation, Anti-terrorism, Demining, and Related Programs",11-1075 + 19-11-1075,2021/2022,1,0,"Declaration of Joseph Carlile, Appendix A",ECF 202-2
nadr,NADR,"Nonproliferation, Anti-terrorism, Demining, and Related Programs",11-1075 + 19-11-1075,2021/2022,2,0,"Declaration of Joseph Carlile, Appendix A",ECF 202-2
nadr,NADR,"Nonproliferation, Anti-terrorism, Demining, and Related Programs",11-1075 + 19-11-1075,2021/2022,3,0,"Declaration of Joseph Carlile, Appendix A",ECF 202-2
nadr,NADR,"Nonproliferation, Anti-terrorism, Demining, and Related Programs",11-1075 + 19-11-1075,2021/2022,4,0.4,"Declaration of Joseph Carlile, Appendix A",ECF 202-2
nadr,NADR,"Nonproliferation, Anti-terrorism, Demining, and Related Programs",11-1075 + 19-11-1075,2021/2022,5,0.62,"Declaration of Joseph Carlile, Appendix A",ECF 202-2
nadr,NADR,"Nonproliferation, Anti-terrorism, Demining, and Related Programs",11-1075 + 19-11-1075,2021/2022,6,1.39,"Declaration of Joseph Carlile, Appendix A",ECF 202-2
nadr,NADR,"Nonproliferation, Anti-terrorism, Demining, and Related Programs",11-1075 + 19-11-1075,2021/2022,7,1.45,"Declaration of Joseph Carlile, Appendix A",ECF 202-2
nadr,NADR,"Nonproliferation, Anti-terrorism, Demining, and Related Programs",11-1075 + 19-11-1075,2021/2022,8,1.45,"Declaration of Joseph Carlile, Appendix A",ECF 202-2
nadr,NADR,"Nonproliferation, Anti-terrorism, Demining, and Related Programs",11-1075 + 19-11-1075,2021/2022,9,1.96,"Declaration of Joseph Carlile, Appendix A",ECF 202-2
nadr,NADR,"Nonproliferation, Anti-terrorism, Demining, and Related Programs",11-1075 + 19-11-1075,2021/2022,10,11.28,"Declaration of Joseph Carlile, Appendix A",ECF 202-2
nadr,NADR,"Nonproliferation, Anti-terrorism, Demining, and Related Programs",11-1075 + 19-11-1075,2021/2022,11,19.52,"Declaration of Joseph Carlile, Appendix A",ECF 202-2
nadr,NADR,"Nonproliferation, Anti-terrorism, Demining, and Related Programs",11-1075 + 19-11-1075,2021/2022,12,21.88,"Declaration of Joseph Carlile, Appendix A",ECF 202-2
nadr,NADR,"Nonproliferation, Anti-terrorism, Demining, and Related Programs",11-1075 + 19-11-1075,2021/2022,13,21.88,"Declaration of Joseph Carlile, Appendix A",ECF 202-2
nadr,NADR,"Nonproliferation, Anti-terrorism, Demining, and Related Programs",11-1075 + 19-11-1075,2021/2022,14,23.21,"Declaration of Joseph Carlile, Appendix A",ECF 202-2
nadr,NADR,"Nonproliferation, Anti-terrorism, Demining, and Related Programs",11-1075 + 19-11-1075,2021/2022,15,26.02,"Declaration of Joseph Carlile, Appendix A",ECF 202-2
nadr,NADR,"Nonproliferation, Anti-terrorism, Demining, and Related Programs",11-1075 + 19-11-1075,2021/2022,16,28.69,"Declaration of Joseph Carlile, Appendix A",ECF 202-2
nadr,NADR,"Nonproliferation, Anti-terrorism, Demining, and Related Programs",11-1075 + 19-11-1075,2021/2022,17,32.13,"Declaration of Joseph Carlile, Appendix A",ECF 202-2
nadr,NADR,"Nonproliferation, Anti-terrorism, Demining, and Related Programs",11-1075 + 19-11-1075,2021/2022,18,35.55,"Declaration of Joseph Carlile, Appendix A",ECF 202-2
nadr,NADR,"Nonproliferation, Anti-terrorism, Demining, and Related Programs",11-1075 + 19-11-1075,2021/2022,19,38.28,"Declaration of Joseph Carlile, Appendix A",ECF 202-2
nadr,NADR,"Nonproliferation, Anti-terrorism, Demining, and Related Programs",11-1075 + 19-11-1075,2021/2022,20,40.8,"Declaration of Joseph Carlile, Appendix A",ECF 202-2
nadr,NADR,"Nonproliferation, Anti-terrorism, Demining, and Related Programs",11-1075 + 19-11-1075,2021/2022,21,44.54,"Declaration of Joseph Carlile, Appendix A",ECF 202-2
nadr,NADR,"Nonproliferation, Anti-terrorism, Demining, and Related Programs",11-1075 + 19-11-1075,2021/2022,22,51.96,"Declaration of Joseph Carlile, Appendix A",ECF 202-2
nadr,NADR,"Nonproliferation, Anti-terrorism, Demining, and Related Programs",11-1075 + 19-11-1075,2021/2022,23,58.95,"Declaration of Joseph Carlile, Appendix A",ECF 202-2
nadr,NADR,"Nonproliferation, Anti-terrorism, Demining, and Related Programs",11-1075 + 19-11-1075,2021/2022,24,98.65,"Declaration of Joseph Carlile, Appendix A",ECF 202-2
nadr,NADR,"Nonproliferation, Anti-terrorism, Demining, and Related Programs",11-1075 + 19-11-1075,2022/2023,1,0,"Declaration of Joseph Carlile, Appendix A",ECF 202-2
nadr,NADR,"Nonproliferation, Anti-terrorism, Demining, and Related Programs",11-1075 + 19-11-1075,2022/2023,2,0,"Declaration of Joseph Carlile, Appendix A",ECF 202-2
nadr,NADR,"Nonproliferation, Anti-terrorism, Demining, and Related Programs",11-1075 + 19-11-1075,2022/2023,3,0,"Declaration of Joseph Carlile, Appendix A",ECF 202-2
nadr,NADR,"Nonproliferation, Anti-terrorism, Demining, and Related Programs",11-1075 + 19-11-1075,2022/2023,4,0.07,"Declaration of Joseph Carlile, Appendix A",ECF 202-2
nadr,NADR,"Nonproliferation, Anti-terrorism, Demining, and Related Programs",11-1075 + 19-11-1075,2022/2023,5,0.08,"Declaration of Joseph Carlile, Appendix A",ECF 202-2
nadr,NADR,"Nonproliferation, Anti-terrorism, Demining, and Related Programs",11-1075 + 19-11-1075,2022/2023,6,2.47,"Declaration of Joseph Carlile, Appendix A",ECF 202-2
nadr,NADR,"Nonproliferation, Anti-terrorism, Demining, and Related Programs",11-1075 + 19-11-1075,2022/2023,7,2.89,"Declaration of Joseph Carlile, Appendix A",ECF 202-2
nadr,NADR,"Nonproliferation, Anti-terrorism, Demining, and Related Programs",11-1075 + 19-11-1075,2022/2023,8,4.17,"Declaration of Joseph Carlile, Appendix A",ECF 202-2
nadr,NADR,"Nonproliferation, Anti-terrorism, Demining, and Related Programs",11-1075 + 19-11-1075,2022/2023,9,4.85,"Declaration of Joseph Carlile, Appendix A",ECF 202-2
nadr,NADR,"Nonproliferation, Anti-terrorism, Demining, and Related Programs",11-1075 + 19-11-1075,2022/2023,10,14.6,"Declaration of Joseph Carlile, Appendix A",ECF 202-2
nadr,NADR,"Nonproliferation, Anti-terrorism, Demining, and Related Programs",11-1075 + 19-11-1075,2022/2023,11,20.43,"Declaration of Joseph Carlile, Appendix A",ECF 202-2
nadr,NADR,"Nonproliferation, Anti-terrorism, Demining, and Related Programs",11-1075 + 19-11-1075,2022/2023,12,28.61,"Declaration of Joseph Carlile, Appendix A",ECF 202-2
nadr,NADR,"Nonproliferation, Anti-terrorism, Demining, and Related Programs",11-1075 + 19-11-1075,2022/2023,13,28.61,"Declaration of Joseph Carlile, Appendix A",ECF 202-2
nadr,NADR,"Nonproliferation, Anti-terrorism, Demining, and Related Programs",11-1075 + 19-11-1075,2022/2023,14,31.89,"Declaration of Joseph Carlile, Appendix A",ECF 202-2
nadr,NADR,"Nonproliferation, Anti-terrorism, Demining, and Related Programs",11-1075 + 19-11-1075,2022/2023,15,34.81,"Declaration of Joseph Carlile, Appendix A",ECF 202-2
nadr,NADR,"Nonproliferation, Anti-terrorism, Demining, and Related Programs",11-1075 + 19-11-1075,2022/2023,16,37.17,"Declaration of Joseph Carlile, Appendix A",ECF 202-2
nadr,NADR,"Nonproliferation, Anti-terrorism, Demining, and Related Programs",11-1075 + 19-11-1075,2022/2023,17,38.03,"Declaration of Joseph Carlile, Appendix A",ECF 202-2
nadr,NADR,"Nonproliferation, Anti-terrorism, Demining, and Related Programs",11-1075 + 19-11-1075,2022/2023,18,42.95,"Declaration of Joseph Carlile, Appendix A",ECF 202-2
nadr,NADR,"Nonproliferation, Anti-terrorism, Demining, and Related Programs",11-1075 + 19-11-1075,2022/2023,19,45.26,"Declaration of Joseph Carlile, Appendix A",ECF 202-2
nadr,NADR,"Nonproliferation, Anti-terrorism, Demining, and Related Programs",11-1075 + 19-11-1075,2022/2023,20,46.92,"Declaration of Joseph Carlile, Appendix A",ECF 202-2
nadr,NADR,"Nonproliferation, Anti-terrorism, Demining, and Related Programs",11-1075 + 19-11-1075,2022/2023,21,48.21,"Declaration of Joseph Carlile, Appendix A",ECF 202-2
nadr,NADR,"Nonproliferation, Anti-terrorism, Demining, and Related Programs",11-1075 + 19-11-1075,2022/2023,22,56.17,"Declaration of Joseph Carlile, Appendix A",ECF 202-2
nadr,NADR,"Nonproliferation, Anti-terrorism, Demining, and Related Programs",11-1075 + 19-11-1075,2022/2023,23,65.79,"Declaration of Joseph Carlile, Appendix A",ECF 202-2
nadr,NADR,"Nonproliferation, Anti-terrorism, Demining, and Related Programs",11-1075 + 19-11-1075,2022/2023,24,100.1,"Declaration of Joseph Carlile, Appendix A",ECF 202-2
nadr,NADR,"Nonproliferation, Anti-terrorism, Demining, and Related Programs",11-1075 + 19-11-1075,2023/2024,1,0,"Declaration of Joseph Carlile, Appendix A",ECF 202-2
nadr,NADR,"Nonproliferation, Anti-terrorism, Demining, and Related Programs",11-1075 + 19-11-1075,2023/2024,2,0,"Declaration of Joseph Carlile, Appendix A",ECF 202-2
nadr,NADR,"Nonproliferation, Anti-terrorism, Demining, and Related Programs",11-1075 + 19-11-1075,2023/2024,3,0,"Declaration of Joseph Carlile, Appendix A",ECF 202-2
nadr,NADR,"Nonproliferation, Anti-terrorism, Demining, and Related Programs",11-1075 + 19-11-1075,2023/2024,4,0,"Declaration of Joseph Carlile, Appendix A",ECF 202-2
nadr,NADR,"Nonproliferation, Anti-terrorism, Demining, and Related Programs",11-1075 + 19-11-1075,2023/2024,5,0.38,"Declaration of Joseph Carlile, Appendix A",ECF 202-2
nadr,NADR,"Nonproliferation, Anti-terrorism, Demining, and Related Programs",11-1075 + 19-11-1075,2023/2024,6,1.47,"Declaration of Joseph Carlile, Appendix A",ECF 202-2
nadr,NADR,"Nonproliferation, Anti-terrorism, Demining, and Related Programs",11-1075 + 19-11-1075,2023/2024,7,2.04,"Declaration of Joseph Carlile, Appendix A",ECF 202-2
nadr,NADR,"Nonproliferation, Anti-terrorism, Demining, and Related Programs",11-1075 + 19-11-1075,2023/2024,8,3.07,"Declaration of Joseph Carlile, Appendix A",ECF 202-2
nadr,NADR,"Nonproliferation, Anti-terrorism, Demining, and Related Programs",11-1075 + 19-11-1075,2023/2024,9,3.73,"Declaration of Joseph Carlile, Appendix A",ECF 202-2
nadr,NADR,"Nonproliferation, Anti-terrorism, Demining, and Related Programs",11-1075 + 19-11-1075,2023/2024,10,11.87,"Declaration of Joseph Carlile, Appendix A",ECF 202-2
nadr,NADR,"Nonproliferation, Anti-terrorism, Demining, and Related Programs",11-1075 + 19-11-1075,2023/2024,11,22.82,"Declaration of Joseph Carlile, Appendix A",ECF 202-2
nadr,NADR,"Nonproliferation, Anti-terrorism, Demining, and Related Programs",11-1075 + 19-11-1075,2023/2024,12,25,"Declaration of Joseph Carlile, Appendix A",ECF 202-2
nadr,NADR,"Nonproliferation, Anti-terrorism, Demining, and Related Programs",11-1075 + 19-11-1075,2023/2024,13,25,"Declaration of Joseph Carlile, Appendix A",ECF 202-2
nadr,NADR,"Nonproliferation, Anti-terrorism, Demining, and Related Programs",11-1075 + 19-11-1075,2023/2024,14,29.8,"Declaration of Joseph Carlile, Appendix A",ECF 202-2
nadr,NADR,"Nonproliferation, Anti-terrorism, Demining, and Related Programs",11-1075 + 19-11-1075,2023/2024,15,32.98,"Declaration of Joseph Carlile, Appendix A",ECF 202-2
nadr,NADR,"Nonproliferation, Anti-terrorism, Demining, and Related Programs",11-1075 + 19-11-1075,2023/2024,16,37.71,"Declaration of Joseph Carlile, Appendix A",ECF 202-2
nadr,NADR,"Nonproliferation, Anti-terrorism, Demining, and Related Programs",11-1075 + 19-11-1075,2023/2024,17,38.96,"Declaration of Joseph Carlile, Appendix A",ECF 202-2
nadr,NADR,"Nonproliferation, Anti-terrorism, Demining, and Related Programs",11-1075 + 19-11-1075,2023/2024,18,42.72,"Declaration of Joseph Carlile, Appendix A",ECF 202-2
nadr,NADR,"Nonproliferation, Anti-terrorism, Demining, and Related Programs",11-1075 + 19-11-1075,2023/2024,19,46.8,"Declaration of Joseph Carlile, Appendix A",ECF 202-2
nadr,NADR,"Nonproliferation, Anti-terrorism, Demining, and Related Programs",11-1075 + 19-11-1075,2023/2024,20,48.75,"Declaration of Joseph Carlile, Appendix A",ECF 202-2
nadr,NADR,"Nonproliferation, Anti-terrorism, Demining, and Related Programs",11-1075 + 19-11-1075,2023/2024,21,50.26,"Declaration of Joseph Carlile, Appendix A",ECF 202-2
nadr,NADR,"Nonproliferation, Anti-terrorism, Demining, and Related Programs",11-1075 + 19-11-1075,2023/2024,22,58.21,"Declaration of Joseph Carlile, Appendix A",ECF 202-2
nadr,NADR,"Nonproliferation, Anti-terrorism, Demining, and Related Programs",11-1075 + 19-11-1075,2023/2024,23,63.01,"Declaration of Joseph Carlile, Appendix A",ECF 202-2
nadr,NADR,"Nonproliferation, Anti-terrorism, Demining, and Related Programs",11-1075 + 19-11-1075,2023/2024,24,100.2,"Declaration of Joseph Carlile, Appendix A",ECF 202-2
nadr,NADR,"Nonproliferation, Anti-terrorism, Demining, and Related Programs",11-1075 + 19-11-1075,2024/2025,1,0,"Declaration of Joseph Carlile, Appendix A",ECF 202-2
nadr,NADR,"Nonproliferation, Anti-terrorism, Demining, and Related Programs",11-1075 + 19-11-1075,2024/2025,2,0,"Declaration of Joseph Carlile, Appendix A",ECF 202-2
nadr,NADR,"Nonproliferation, Anti-terrorism, Demining, and Related Programs",11-1075 + 19-11-1075,2024/2025,3,0,"Declaration of Joseph Carlile, Appendix A",ECF 202-2
nadr,NADR,"Nonproliferation, Anti-terrorism, Demining, and Related Programs",11-1075 + 19-11-1075,2024/2025,4,0,"Declaration of Joseph Carlile, Appendix A",ECF 202-2
nadr,NADR,"Nonproliferation, Anti-terrorism, Demining, and Related Programs",11-1075 + 19-11-1075,2024/2025,5,0,"Declaration of Joseph Carlile, Appendix A",ECF 202-2
nadr,NADR,"Nonproliferation, Anti-terrorism, Demining, and Related Programs",11-1075 + 19-11-1075,2024/2025,6,0.63,"Declaration of Joseph Carlile, Appendix A",ECF 202-2
nadr,NADR,"Nonproliferation, Anti-terrorism, Demining, and Related Programs",11-1075 + 19-11-1075,2024/2025,7,1.46,"Declaration of Joseph Carlile, Appendix A",ECF 202-2
nadr,NADR,"Nonproliferation, Anti-terrorism, Demining, and Related Programs",11-1075 + 19-11-1075,2024/2025,8,2.25,"Declaration of Joseph Carlile, Appendix A",ECF 202-2
nadr,NADR,"Nonproliferation, Anti-terrorism, Demining, and Related Programs",11-1075 + 19-11-1075,2024/2025,9,2.68,"Declaration of Joseph Carlile, Appendix A",ECF 202-2
nadr,NADR,"Nonproliferation, Anti-terrorism, Demining, and Related Programs",11-1075 + 19-11-1075,2024/2025,10,10.9,"Declaration of Joseph Carlile, Appendix A",ECF 202-2
nadr,NADR,"Nonproliferation, Anti-terrorism, Demining, and Related Programs",11-1075 + 19-11-1075,2024/2025,11,13.52,"Declaration of Joseph Carlile, Appendix A",ECF 202-2
nadr,NADR,"Nonproliferation, Anti-terrorism, Demining, and Related Programs",11-1075 + 19-11-1075,2024/2025,12,18.12,"Declaration of Joseph Carlile, Appendix A",ECF 202-2
nadr,NADR,"Nonproliferation, Anti-terrorism, Demining, and Related Programs",11-1075 + 19-11-1075,2024/2025,13,18.12,"Declaration of Joseph Carlile, Appendix A",ECF 202-2
nadr,NADR,"Nonproliferation, Anti-terrorism, Demining, and Related Programs",11-1075 + 19-11-1075,2024/2025,14,21.81,"Declaration of Joseph Carlile, Appendix A",ECF 202-2
nadr,NADR,"Nonproliferation, Anti-terrorism, Demining, and Related Programs",11-1075 + 19-11-1075,2024/2025,15,27.08,"Declaration of Joseph Carlile, Appendix A",ECF 202-2
nadr,NADR,"Nonproliferation, Anti-terrorism, Demining, and Related Programs",11-1075 + 19-11-1075,2024/2025,16,27.08,"Declaration of Joseph Carlile, Appendix A",ECF 202-2
nadr,NADR,"Nonproliferation, Anti-terrorism, Demining, and Related Programs",11-1075 + 19-11-1075,2024/2025,17,27.08,"Declaration of Joseph Carlile, Appendix A",ECF 202-2
nadr,NADR,"Nonproliferation, Anti-terrorism, Demining, and Related Programs",11-1075 + 19-11-1075,2024/2025,18,27.08,"Declaration of Joseph Carlile, Appendix A",ECF 202-2
nadr,NADR,"Nonproliferation, Anti-terrorism, Demining, and Related Programs",11-1075 + 19-11-1075,2024/2025,19,30.97,"Declaration of Joseph Carlile, Appendix A",ECF 202-2
nadr,NADR,"Nonproliferation, Anti-terrorism, Demining, and Related Programs",11-1075 + 19-11-1075,2024/2025,20,32.9,"Declaration of Joseph Carlile, Appendix A",ECF 202-2
nadr,NADR,"Nonproliferation, Anti-terrorism, Demining, and Related Programs",11-1075 + 19-11-1075,2024/2025,21,36.6,"Declaration of Joseph Carlile, Appendix A",ECF 202-2
nadr,NADR,"Nonproliferation, Anti-terrorism, Demining, and Related Programs",11-1075 + 19-11-1075,2024/2025,22,42.83,"Declaration of Joseph Carlile, Appendix A",ECF 202-2
nadr,NADR,"Nonproliferation, Anti-terrorism, Demining, and Related Programs",11-1075 + 19-11-1075,2024/2025,23,52.57,"Declaration of Joseph Carlile, Appendix A",ECF 202-2
nadr,NADR,"Nonproliferation, Anti-terrorism, Demining, and Related Programs",11-1075 + 19-11-1075,2024/2025,24,96.98,"Declaration of Joseph Carlile, Appendix A",ECF 202-2
nadr,NADR,"Nonproliferation, Anti-terrorism, Demining, and Related Programs",11-1075 + 19-11-1075,2025/2026,1,0,"Declaration of Joseph Carlile, Appendix A",ECF 202-2
nadr,NADR,"Nonproliferation, Anti-terrorism, Demining, and Related Programs",11-1075 + 19-11-1075,2025/2026,2,0,"Declaration of Joseph Carlile, Appendix A",ECF 202-2
nadr,NADR,"Nonproliferation, Anti-terrorism, Demining, and Related Programs",11-1075 + 19-11-1075,2025/2026,3,0,"Declaration of Joseph Carlile, Appendix A",ECF 202-2
nadr,NADR,"Nonproliferation, Anti-terrorism, Demining, and Related Programs",11-1075 + 19-11-1075,2025/2026,4,0,"Declaration of Joseph Carlile, Appendix A",ECF 202-2
nadr,NADR,"Nonproliferation, Anti-terrorism, Demining, and Related Programs",11-1075 + 19-11-1075,2025/2026,5,0,"Declaration of Joseph Carlile, Appendix A",ECF 202-2
nadr,NADR,"Nonproliferation, Anti-terrorism, Demining, and Related Programs",11-1075 + 19-11-1075,2025/2026,6,0,"Declaration of Joseph Carlile, Appendix A",ECF 202-2
nadr,NADR,"Nonproliferation, Anti-terrorism, Demining, and Related Programs",11-1075 + 19-11-1075,2025/2026,7,0,"Declaration of Joseph Carlile, Appendix A",ECF 202-2
nadr,NADR,"Nonproliferation, Anti-terrorism, Demining, and Related Programs",11-1075 + 19-11-1075,2025/2026,8,0,"Declaration of Joseph Carlile, Appendix A",ECF 202-2
nadr,NADR,"Nonproliferation, Anti-terrorism, Demining, and Related Programs",11-1075 + 19-11-1075,2025/2026,9,0,"Declaration of Joseph Carlile, Appendix A",ECF 202-2
nadr,NADR,"Nonproliferation, Anti-terrorism, Demining, and Related Programs",11-1075 + 19-11-1075,2025/2026,10,0.08,"Declaration of Joseph Carlile, Appendix A",ECF 202-2
nadr,NADR,"Nonproliferation, Anti-terrorism, Demining, and Related Programs",11-1075 + 19-11-1075,2025/2026,11,1.04,"Declaration of Joseph Carlile, Appendix A",ECF 202-2
nadr,NADR,"Nonproliferation, Anti-terrorism, Demining, and Related Programs",11-1075 + 19-11-1075,2025/2026,12,4.98,"Declaration of Joseph Carlile, Appendix A",ECF 202-2
nadr,NADR,"Nonproliferation, Anti-terrorism, Demining, and Related Programs",11-1075 + 19-11-1075,2025/2026,13,4.98,"Declaration of Joseph Carlile, Appendix A",ECF 202-2
nadr,NADR,"Nonproliferation, Anti-terrorism, Demining, and Related Programs",11-1075 + 19-11-1075,2025/2026,14,6.18,"Declaration of Joseph Carlile, Appendix A",ECF 202-2
nadr,NADR,"Nonproliferation, Anti-terrorism, Demining, and Related Programs",11-1075 + 19-11-1075,2025/2026,15,15.01,"Declaration of Joseph Carlile, Appendix A",ECF 202-2
nadr,NADR,"Nonproliferation, Anti-terrorism, Demining, and Related Programs",11-1075 + 19-11-1075,2025/2026,16,18.97,"Declaration of Joseph Carlile, Appendix A",ECF 202-2
nadr,NADR,"Nonproliferation, Anti-terrorism, Demining, and Related Programs",11-1075 + 19-11-1075,2025/2026,17,20.48,"Declaration of Joseph Carlile, Appendix A",ECF 202-2
nadr,NADR,"Nonproliferation, Anti-terrorism, Demining, and Related Programs",11-1075 + 19-11-1075,2025/2026,18,21.55,"Declaration of Joseph Carlile, Appendix A",ECF 202-2
nadr,NADR,"Nonproliferation, Anti-terrorism, Demining, and Related Programs",11-1075 + 19-11-1075,2025/2026,19,24.38,"Declaration of Joseph Carlile, Appendix A",ECF 202-2
nadr,NADR,"Nonproliferation, Anti-terrorism, Demining, and Related Programs",11-1075 + 19-11-1075,2025/2026,20,33.57,"Declaration of Joseph Carlile, Appendix A",ECF 202-2
nadr,NADR,"Nonproliferation, Anti-terrorism, Demining, and Related Programs",11-1075 + 19-11-1075,2025/2026,21,36.23,"Declaration of Joseph Carlile, Appendix A",ECF 202-2
df,DF,Democracy Fund,19-1121 + 72-19-1121,2020/2021,1,0,"Declaration of Joseph Carlile, Appendix A",ECF 202-2
df,DF,Democracy Fund,19-1121 + 72-19-1121,2020/2021,2,0,"Declaration of Joseph Carlile, Appendix A",ECF 202-2
df,DF,Democracy Fund,19-1121 + 72-19-1121,2020/2021,3,0,"Declaration of Joseph Carlile, Appendix A",ECF 202-2
df,DF,Democracy Fund,19-1121 + 72-19-1121,2020/2021,4,0,"Declaration of Joseph Carlile, Appendix A",ECF 202-2
df,DF,Democracy Fund,19-1121 + 72-19-1121,2020/2021,5,0,"Declaration of Joseph Carlile, Appendix A",ECF 202-2
df,DF,Democracy Fund,19-1121 + 72-19-1121,2020/2021,6,0,"Declaration of Joseph Carlile, Appendix A",ECF 202-2
df,DF,Democracy Fund,19-1121 + 72-19-1121,2020/2021,7,0,"Declaration of Joseph Carlile, Appendix A",ECF 202-2
df,DF,Democracy Fund,19-1121 + 72-19-1121,2020/2021,8,0,"Declaration of Joseph Carlile, Appendix A",ECF 202-2
df,DF,Democracy Fund,19-1121 + 72-19-1121,2020/2021,9,0,"Declaration of Joseph Carlile, Appendix A",ECF 202-2
df,DF,Democracy Fund,19-1121 + 72-19-1121,2020/2021,10,0,"Declaration of Joseph Carlile, Appendix A",ECF 202-2
df,DF,Democracy Fund,19-1121 + 72-19-1121,2020/2021,11,0,"Declaration of Joseph Carlile, Appendix A",ECF 202-2
df,DF,Democracy Fund,19-1121 + 72-19-1121,2020/2021,12,0,"Declaration of Joseph Carlile, Appendix A",ECF 202-2
df,DF,Democracy Fund,19-1121 + 72-19-1121,2020/2021,13,0,"Declaration of Joseph Carlile, Appendix A",ECF 202-2
df,DF,Democracy Fund,19-1121 + 72-19-1121,2020/2021,14,0,"Declaration of Joseph Carlile, Appendix A",ECF 202-2
df,DF,Democracy Fund,19-1121 + 72-19-1121,2020/2021,15,0.07,"Declaration of Joseph Carlile, Appendix A",ECF 202-2
df,DF,Democracy Fund,19-1121 + 72-19-1121,2020/2021,16,0.13,"Declaration of Joseph Carlile, Appendix A",ECF 202-2
df,DF,Democracy Fund,19-1121 + 72-19-1121,2020/2021,17,0.21,"Declaration of Joseph Carlile, Appendix A",ECF 202-2
df,DF,Democracy Fund,19-1121 + 72-19-1121,2020/2021,18,0.88,"Declaration of Joseph Carlile, Appendix A",ECF 202-2
df,DF,Democracy Fund,19-1121 + 72-19-1121,2020/2021,19,0.89,"Declaration of Joseph Carlile, Appendix A",ECF 202-2
df,DF,Democracy Fund,19-1121 + 72-19-1121,2020/2021,20,1.75,"Declaration of Joseph Carlile, Appendix A",ECF 202-2
df,DF,Democracy Fund,19-1121 + 72-19-1121,2020/2021,21,10.31,"Declaration of Joseph Carlile, Appendix A",ECF 202-2
df,DF,Democracy Fund,19-1121 + 72-19-1121,2020/2021,22,20.44,"Declaration of Joseph Carlile, Appendix A",ECF 202-2
df,DF,Democracy Fund,19-1121 + 72-19-1121,2020/2021,23,51.03,"Declaration of Joseph Carlile, Appendix A",ECF 202-2
df,DF,Democracy Fund,19-1121 + 72-19-1121,2020/2021,24,100,"Declaration of Joseph Carlile, Appendix A",ECF 202-2
df,DF,Democracy Fund,19-1121 + 72-19-1121,2021/2022,1,0,"Declaration of Joseph Carlile, Appendix A",ECF 202-2
df,DF,Democracy Fund,19-1121 + 72-19-1121,2021/2022,2,0,"Declaration of Joseph Carlile, Appendix A",ECF 202-2
df,DF,Democracy Fund,19-1121 + 72-19-1121,2021/2022,3,0,"Declaration of Joseph Carlile, Appendix A",ECF 202-2
df,DF,Democracy Fund,19-1121 + 72-19-1121,2021/2022,4,0,"Declaration of Joseph Carlile, Appendix A",ECF 202-2
df,DF,Democracy Fund,19-1121 + 72-19-1121,2021/2022,5,0,"Declaration of Joseph Carlile, Appendix A",ECF 202-2
df,DF,Democracy Fund,19-1121 + 72-19-1121,2021/2022,6,0,"Declaration of Joseph Carlile, Appendix A",ECF 202-2
df,DF,Democracy Fund,19-1121 + 72-19-1121,2021/2022,7,0,"Declaration of Joseph Carlile, Appendix A",ECF 202-2
df,DF,Democracy Fund,19-1121 + 72-19-1121,2021/2022,8,0,"Declaration of Joseph Carlile, Appendix A",ECF 202-2
df,DF,Democracy Fund,19-1121 + 72-19-1121,2021/2022,9,0,"Declaration of Joseph Carlile, Appendix A",ECF 202-2
df,DF,Democracy Fund,19-1121 + 72-19-1121,2021/2022,10,0,"Declaration of Joseph Carlile, Appendix A",ECF 202-2
df,DF,Democracy Fund,19-1121 + 72-19-1121,2021/2022,11,0,"Declaration of Joseph Carlile, Appendix A",ECF 202-2
df,DF,Democracy Fund,19-1121 + 72-19-1121,2021/2022,12,0.52,"Declaration of Joseph Carlile, Appendix A",ECF 202-2
df,DF,Democracy Fund,19-1121 + 72-19-1121,2021/2022,13,0.52,"Declaration of Joseph Carlile, Appendix A",ECF 202-2
df,DF,Democracy Fund,19-1121 + 72-19-1121,2021/2022,14,0.57,"Declaration of Joseph Carlile, Appendix A",ECF 202-2
df,DF,Democracy Fund,19-1121 + 72-19-1121,2021/2022,15,0.61,"Declaration of Joseph Carlile, Appendix A",ECF 202-2
df,DF,Democracy Fund,19-1121 + 72-19-1121,2021/2022,16,0.87,"Declaration of Joseph Carlile, Appendix A",ECF 202-2
df,DF,Democracy Fund,19-1121 + 72-19-1121,2021/2022,17,1.38,"Declaration of Joseph Carlile, Appendix A",ECF 202-2
df,DF,Democracy Fund,19-1121 + 72-19-1121,2021/2022,18,1.49,"Declaration of Joseph Carlile, Appendix A",ECF 202-2
df,DF,Democracy Fund,19-1121 + 72-19-1121,2021/2022,19,1.51,"Declaration of Joseph Carlile, Appendix A",ECF 202-2
df,DF,Democracy Fund,19-1121 + 72-19-1121,2021/2022,20,2.35,"Declaration of Joseph Carlile, Appendix A",ECF 202-2
df,DF,Democracy Fund,19-1121 + 72-19-1121,2021/2022,21,11.34,"Declaration of Joseph Carlile, Appendix A",ECF 202-2
df,DF,Democracy Fund,19-1121 + 72-19-1121,2021/2022,22,16.23,"Declaration of Joseph Carlile, Appendix A",ECF 202-2
df,DF,Democracy Fund,19-1121 + 72-19-1121,2021/2022,23,38.77,"Declaration of Joseph Carlile, Appendix A",ECF 202-2
df,DF,Democracy Fund,19-1121 + 72-19-1121,2021/2022,24,99.99,"Declaration of Joseph Carlile, Appendix A",ECF 202-2
df,DF,Democracy Fund,19-1121 + 72-19-1121,2022/2023,1,0,"Declaration of Joseph Carlile, Appendix A",ECF 202-2
df,DF,Democracy Fund,19-1121 + 72-19-1121,2022/2023,2,0,"Declaration of Joseph Carlile, Appendix A",ECF 202-2
df,DF,Democracy Fund,19-1121 + 72-19-1121,2022/2023,3,0,"Declaration of Joseph Carlile, Appendix A",ECF 202-2
df,DF,Democracy Fund,19-1121 + 72-19-1121,2022/2023,4,0,"Declaration of Joseph Carlile, Appendix A",ECF 202-2
df,DF,Democracy Fund,19-1121 + 72-19-1121,2022/2023,5,0,"Declaration of Joseph Carlile, Appendix A",ECF 202-2
df,DF,Democracy Fund,19-1121 + 72-19-1121,2022/2023,6,0,"Declaration of Joseph Carlile, Appendix A",ECF 202-2
df,DF,Democracy Fund,19-1121 + 72-19-1121,2022/2023,7,0,"Declaration of Joseph Carlile, Appendix A",ECF 202-2
df,DF,Democracy Fund,19-1121 + 72-19-1121,2022/2023,8,0,"Declaration of Joseph Carlile, Appendix A",ECF 202-2
df,DF,Democracy Fund,19-1121 + 72-19-1121,2022/2023,9,0,"Declaration of Joseph Carlile, Appendix A",ECF 202-2
df,DF,Democracy Fund,19-1121 + 72-19-1121,2022/2023,10,0,"Declaration of Joseph Carlile, Appendix A",ECF 202-2
df,DF,Democracy Fund,19-1121 + 72-19-1121,2022/2023,11,0,"Declaration of Joseph Carlile, Appendix A",ECF 202-2
df,DF,Democracy Fund,19-1121 + 72-19-1121,2022/2023,12,0,"Declaration of Joseph Carlile, Appendix A",ECF 202-2
df,DF,Democracy Fund,19-1121 + 72-19-1121,2022/2023,13,0,"Declaration of Joseph Carlile, Appendix A",ECF 202-2
df,DF,Democracy Fund,19-1121 + 72-19-1121,2022/2023,14,0,"Declaration of Joseph Carlile, Appendix A",ECF 202-2
df,DF,Democracy Fund,19-1121 + 72-19-1121,2022/2023,15,0.04,"Declaration of Joseph Carlile, Appendix A",ECF 202-2
df,DF,Democracy Fund,19-1121 + 72-19-1121,2022/2023,16,0.45,"Declaration of Joseph Carlile, Appendix A",ECF 202-2
df,DF,Democracy Fund,19-1121 + 72-19-1121,2022/2023,17,0.47,"Declaration of Joseph Carlile, Appendix A",ECF 202-2
df,DF,Democracy Fund,19-1121 + 72-19-1121,2022/2023,18,0.5,"Declaration of Joseph Carlile, Appendix A",ECF 202-2
df,DF,Democracy Fund,19-1121 + 72-19-1121,2022/2023,19,0.6,"Declaration of Joseph Carlile, Appendix A",ECF 202-2
df,DF,Democracy Fund,19-1121 + 72-19-1121,2022/2023,20,0.63,"Declaration of Joseph Carlile, Appendix A",ECF 202-2
df,DF,Democracy Fund,19-1121 + 72-19-1121,2022/2023,21,1.35,"Declaration of Joseph Carlile, Appendix A",ECF 202-2
df,DF,Democracy Fund,19-1121 + 72-19-1121,2022/2023,22,2.19,"Declaration of Joseph Carlile, Appendix A",ECF 202-2
df,DF,Democracy Fund,19-1121 + 72-19-1121,2022/2023,23,25.88,"Declaration of Joseph Carlile, Appendix A",ECF 202-2
df,DF,Democracy Fund,19-1121 + 72-19-1121,2022/2023,24,99.92,"Declaration of Joseph Carlile, Appendix A",ECF 202-2
df,DF,Democracy Fund,19-1121 + 72-19-1121,2023/2024,1,0,"Declaration of Joseph Carlile, Appendix A",ECF 202-2
df,DF,Democracy Fund,19-1121 + 72-19-1121,2023/2024,2,0,"Declaration of Joseph Carlile, Appendix A",ECF 202-2
df,DF,Democracy Fund,19-1121 + 72-19-1121,2023/2024,3,0,"Declaration of Joseph Carlile, Appendix A",ECF 202-2
df,DF,Democracy Fund,19-1121 + 72-19-1121,2023/2024,4,0,"Declaration of Joseph Carlile, Appendix A",ECF 202-2
df,DF,Democracy Fund,19-1121 + 72-19-1121,2023/2024,5,0,"Declaration of Joseph Carlile, Appendix A",ECF 202-2
df,DF,Democracy Fund,19-1121 + 72-19-1121,2023/2024,6,0,"Declaration of Joseph Carlile, Appendix A",ECF 202-2
df,DF,Democracy Fund,19-1121 + 72-19-1121,2023/2024,7,0,"Declaration of Joseph Carlile, Appendix A",ECF 202-2
df,DF,Democracy Fund,19-1121 + 72-19-1121,2023/2024,8,0,"Declaration of Joseph Carlile, Appendix A",ECF 202-2
df,DF,Democracy Fund,19-1121 + 72-19-1121,2023/2024,9,0,"Declaration of Joseph Carlile, Appendix A",ECF 202-2
df,DF,Democracy Fund,19-1121 + 72-19-1121,2023/2024,10,0,"Declaration of Joseph Carlile, Appendix A",ECF 202-2
df,DF,Democracy Fund,19-1121 + 72-19-1121,2023/2024,11,0,"Declaration of Joseph Carlile, Appendix A",ECF 202-2
df,DF,Democracy Fund,19-1121 + 72-19-1121,2023/2024,12,0,"Declaration of Joseph Carlile, Appendix A",ECF 202-2
df,DF,Democracy Fund,19-1121 + 72-19-1121,2023/2024,13,0,"Declaration of Joseph Carlile, Appendix A",ECF 202-2
df,DF,Democracy Fund,19-1121 + 72-19-1121,2023/2024,14,0,"Declaration of Joseph Carlile, Appendix A",ECF 202-2
df,DF,Democracy Fund,19-1121 + 72-19-1121,2023/2024,15,0,"Declaration of Joseph Carlile, Appendix A",ECF 202-2
df,DF,Democracy Fund,19-1121 + 72-19-1121,2023/2024,16,0,"Declaration of Joseph Carlile, Appendix A",ECF 202-2
df,DF,Democracy Fund,19-1121 + 72-19-1121,2023/2024,17,0,"Declaration of Joseph Carlile, Appendix A",ECF 202-2
df,DF,Democracy Fund,19-1121 + 72-19-1121,2023/2024,18,0.34,"Declaration of Joseph Carlile, Appendix A",ECF 202-2
df,DF,Democracy Fund,19-1121 + 72-19-1121,2023/2024,19,2.61,"Declaration of Joseph Carlile, Appendix A",ECF 202-2
df,DF,Democracy Fund,19-1121 + 72-19-1121,2023/2024,20,3.26,"Declaration of Joseph Carlile, Appendix A",ECF 202-2
df,DF,Democracy Fund,19-1121 + 72-19-1121,2023/2024,21,4.27,"Declaration of Joseph Carlile, Appendix A",ECF 202-2
df,DF,Democracy Fund,19-1121 + 72-19-1121,2023/2024,22,5.8,"Declaration of Joseph Carlile, Appendix A",ECF 202-2
df,DF,Democracy Fund,19-1121 + 72-19-1121,2023/2024,23,11.1,"Declaration of Joseph Carlile, Appendix A",ECF 202-2
df,DF,Democracy Fund,19-1121 + 72-19-1121,2023/2024,24,100,"Declaration of Joseph Carlile, Appendix A",ECF 202-2
df,DF,Democracy Fund,19-1121 + 72-19-1121,2024/2025,1,0,"Declaration of Joseph Carlile, Appendix A",ECF 202-2
df,DF,Democracy Fund,19-1121 + 72-19-1121,2024/2025,2,0,"Declaration of Joseph Carlile, Appendix A",ECF 202-2
df,DF,Democracy Fund,19-1121 + 72-19-1121,2024/2025,3,0,"Declaration of Joseph Carlile, Appendix A",ECF 202-2
df,DF,Democracy Fund,19-1121 + 72-19-1121,2024/2025,4,0,"Declaration of Joseph Carlile, Appendix A",ECF 202-2
df,DF,Democracy Fund,19-1121 + 72-19-1121,2024/2025,5,0,"Declaration of Joseph Carlile, Appendix A",ECF 202-2
df,DF,Democracy Fund,19-1121 + 72-19-1121,2024/2025,6,0,"Declaration of Joseph Carlile, Appendix A",ECF 202-2
df,DF,Democracy Fund,19-1121 + 72-19-1121,2024/2025,7,0,"Declaration of Joseph Carlile, Appendix A",ECF 202-2
df,DF,Democracy Fund,19-1121 + 72-19-1121,2024/2025,8,0,"Declaration of Joseph Carlile, Appendix A",ECF 202-2
df,DF,Democracy Fund,19-1121 + 72-19-1121,2024/2025,9,0,"Declaration of Joseph Carlile, Appendix A",ECF 202-2
df,DF,Democracy Fund,19-1121 + 72-19-1121,2024/2025,10,0,"Declaration of Joseph Carlile, Appendix A",ECF 202-2
df,DF,Democracy Fund,19-1121 + 72-19-1121,2024/2025,11,0,"Declaration of Joseph Carlile, Appendix A",ECF 202-2
df,DF,Democracy Fund,19-1121 + 72-19-1121,2024/2025,12,0,"Declaration of Joseph Carlile, Appendix A",ECF 202-2
df,DF,Democracy Fund,19-1121 + 72-19-1121,2024/2025,13,0,"Declaration of Joseph Carlile, Appendix A",ECF 202-2
df,DF,Democracy Fund,19-1121 + 72-19-1121,2024/2025,14,0,"Declaration of Joseph Carlile, Appendix A",ECF 202-2
df,DF,Democracy Fund,19-1121 + 72-19-1121,2024/2025,15,0,"Declaration of Joseph Carlile, Appendix A",ECF 202-2
df,DF,Democracy Fund,19-1121 + 72-19-1121,2024/2025,16,2.29,"Declaration of Joseph Carlile, Appendix A",ECF 202-2
df,DF,Democracy Fund,19-1121 + 72-19-1121,2024/2025,17,2.29,"Declaration of Joseph Carlile, Appendix A",ECF 202-2
df,DF,Democracy Fund,19-1121 + 72-19-1121,2024/2025,18,2.29,"Declaration of Joseph Carlile, Appendix A",ECF 202-2
df,DF,Democracy Fund,19-1121 + 72-19-1121,2024/2025,19,2.4,"Declaration of Joseph Carlile, Appendix A",ECF 202-2
df,DF,Democracy Fund,19-1121 + 72-19-1121,2024/2025,20,2.4,"Declaration of Joseph Carlile, Appendix A",ECF 202-2
df,DF,Democracy Fund,19-1121 + 72-19-1121,2024/2025,21,2.51,"Declaration of Joseph Carlile, Appendix A",ECF 202-2
df,DF,Democracy Fund,19-1121 + 72-19-1121,2024/2025,22,2.51,"Declaration of Joseph Carlile, Appendix A",ECF 202-2
df,DF,Democracy Fund,19-1121 + 72-19-1121,2024/2025,23,7.29,"Declaration of Joseph Carlile, Appendix A",ECF 202-2
df,DF,Democracy Fund,19-1121 + 72-19-1121,2024/2025,24,7.29,"Declaration of Joseph Carlile, Appendix A",ECF 202-2
df,DF,Democracy Fund,19-1121 + 72-19-1121,2025/2026,1,0,"Declaration of Joseph Carlile, Appendix A",ECF 202-2
df,DF,Democracy Fund,19-1121 + 72-19-1121,2025/2026,2,0,"Declaration of Joseph Carlile, Appendix A",ECF 202-2
df,DF,Democracy Fund,19-1121 + 72-19-1121,2025/2026,3,0,"Declaration of Joseph Carlile, Appendix A",ECF 202-2
df,DF,Democracy Fund,19-1121 + 72-19-1121,2025/2026,4,0,"Declaration of Joseph Carlile, Appendix A",ECF 202-2
df,DF,Democracy Fund,19-1121 + 72-19-1121,2025/2026,5,0,"Declaration of Joseph Carlile, Appendix A",ECF 202-2
df,DF,Democracy Fund,19-1121 + 72-19-1121,2025/2026,6,0,"Declaration of Joseph Carlile, Appendix A",ECF 202-2
df,DF,Democracy Fund,19-1121 + 72-19-1121,2025/2026,7,0,"Declaration of Joseph Carlile, Appendix A",ECF 202-2
df,DF,Democracy Fund,19-1121 + 72-19-1121,2025/2026,8,0,"Declaration of Joseph Carlile, Appendix A",ECF 202-2
df,DF,Democracy Fund,19-1121 + 72-19-1121,2025/2026,9,0,"Declaration of Joseph Carlile, Appendix A",ECF 202-2
df,DF,Democracy Fund,19-1121 + 72-19-1121,2025/2026,10,0,"Declaration of Joseph Carlile, Appendix A",ECF 202-2
df,DF,Democracy Fund,19-1121 + 72-19-1121,2025/2026,11,0,"Declaration of Joseph Carlile, Appendix A",ECF 202-2
df,DF,Democracy Fund,19-1121 + 72-19-1121,2025/2026,12,0,"Declaration of Joseph Carlile, Appendix A",ECF 202-2
df,DF,Democracy Fund,19-1121 + 72-19-1121,2025/2026,13,0,"Declaration of Joseph Carlile, Appendix A",ECF 202-2
df,DF,Democracy Fund,19-1121 + 72-19-1121,2025/2026,14,0,"Declaration of Joseph Carlile, Appendix A",ECF 202-2
df,DF,Democracy Fund,19-1121 + 72-19-1121,2025/2026,15,0,"Declaration of Joseph Carlile, Appendix A",ECF 202-2
df,DF,Democracy Fund,19-1121 + 72-19-1121,2025/2026,16,0,"Declaration of Joseph Carlile, Appendix A",ECF 202-2
df,DF,Democracy Fund,19-1121 + 72-19-1121,2025/2026,17,3.81,"Declaration of Joseph Carlile, Appendix A",ECF 202-2
df,DF,Democracy Fund,19-1121 + 72-19-1121,2025/2026,18,3.81,"Declaration of Joseph Carlile, Appendix A",ECF 202-2
df,DF,Democracy Fund,19-1121 + 72-19-1121,2025/2026,19,3.81,"Declaration of Joseph Carlile, Appendix A",ECF 202-2
df,DF,Democracy Fund,19-1121 + 72-19-1121,2025/2026,20,3.81,"Declaration of Joseph Carlile, Appendix A",ECF 202-2
df,DF,Democracy Fund,19-1121 + 72-19-1121,2025/2026,21,3.81,"Declaration of Joseph Carlile, Appendix A",ECF 202-2
